PlateName,Row,Column ,1442.73,1474.73, Injection Time (sec),EM/MM0,Timepoint,Fraction,% Oxidation,Turnover,,mg enzyme,uM_substrate
Plate2,2001,2,0,0,3.15,,,,,,,0.00276,9.00E-03
Plate2,2001,3,0,0,17.3,,,,,,,,
Plate2,2001,2,0,0,31.78,,,,,,,,
Plate2,2001,3,0,0,45.92,,,,,,,,
Plate2,2001,2,0,0,60.3,,,,,,,,
Plate2,2001,3,0,0,74.5,,,,,,,,
Plate2,16,1,5330856.978,0,89.48,MM0,0,0.999999812,0.00%,#VALUE!,,,
Plate2,16,3,4674528.528,0,104.42,MM0,0,0.999999358,0.00%,#VALUE!,,,
Plate2,16,5,5421380.814,0,119.28,MM0,0,0.999999078,0.00%,#VALUE!,,,
Plate2,2001,2,0,0,133.65,,,,,,,,
Plate2,2001,3,0,0,147.84,,,,,,,,
Plate2,16,7,4476777.824,0,162.68,EM,0,5116317.513,0.00%,#VALUE!,,,
Plate2,16,9,4484033.992,0,177.65,EM,0,4982259.991,0.00%,#VALUE!,,,
Plate2,16,11,4187694.281,0,192.62,EM,0,4568393.761,0.00%,#VALUE!,,,
Plate2,2001,2,0,0,206.95,,,,,,,,
Plate2,2001,3,0,0,221.16,,,,,,,,
Plate2,2001,2,0,0,235.57,,,,,,,,
Plate2,2001,3,0,0,249.75,,,,,,,,
Plate2,15,1,3983155.473,0,264.7,MM0,0.5,0.999999749,0.00%,#VALUE!,,,
Plate2,15,3,4131693.848,0,279.56,MM0,0.5,0.999999274,0.00%,#VALUE!,,,
Plate2,15,5,3851088.998,0,294.54,MM0,0.5,0.999998702,0.00%,#VALUE!,,,
Plate2,2001,2,0,0,308.88,,,,,,,,
Plate2,2001,3,0,0,323.09,,,,,,,,
Plate2,15,7,4589717.147,0,338.07,EM,0.5,5245391.025,0.00%,#VALUE!,,,
Plate2,15,9,4028373.943,10337.10059,352.93,EM,0.5,4475971.048,0.26%,#VALUE!,,,
Plate2,15,11,4093807.292,0,367.93,EM,0.5,4465971.591,0.00%,#VALUE!,,,
Plate2,2001,2,0,0,382.25,,,,,,,,
Plate2,2001,3,0,0,396.46,,,,,,,,
Plate2,2001,2,0,0,410.92,,,,,,,,
Plate2,2001,3,0,0,425.12,,,,,,,,
Plate2,14,1,4130332.331,0,439.91,MM0,1,0.999999758,0.00%,#VALUE!,,,
Plate2,14,3,3908167.112,0,454.88,MM0,1,0.999999232,0.00%,#VALUE!,,,
Plate2,14,5,4039432.807,0,469.85,MM0,1,0.999998762,0.00%,#VALUE!,,,
Plate2,2001,2,0,0,484.17,,,,,,,,
Plate2,2001,3,0,0,498.4,,,,,,,,
Plate2,14,7,4680650.754,11488.52441,513.35,EM,1,5349315.147,0.24%,#VALUE!,,,
Plate2,14,9,3778963.975,51953.10791,528.21,EM,1,4198848.861,1.36%,#VALUE!,,,
Plate2,14,11,3949360.195,42474.76855,543.09,EM,1,4308392.94,1.06%,#VALUE!,,,
Plate2,2001,2,0,0,557.56,,,,,,,,
Plate2,2001,3,0,0,571.75,,,,,,,,
Plate2,2001,2,0,0,586.18,,,,,,,,
Plate2,2001,3,0,0,600.35,,,,,,,,
Plate2,13,1,4014909.59,0,615.32,MM0,1.5,0.999999751,0.00%,#VALUE!,,,
Plate2,13,3,3859940.951,0,630.18,MM0,1.5,0.999999223,0.00%,#VALUE!,,,
Plate2,13,5,4013695.708,0,645.13,MM0,1.5,0.999998754,0.00%,#VALUE!,,,
Plate2,2001,2,0,0,659.42,,,,,,,,
Plate2,2001,3,0,0,673.74,,,,,,,,
Plate2,13,7,4630375.148,46487.27539,688.57,EM,1.5,5291857.313,0.99%,#VALUE!,,,
Plate2,13,9,3937555.727,82416.37695,703.44,EM,1.5,4375061.918,2.05%,#VALUE!,,,
Plate2,13,11,4034934.759,71308.38672,718.43,EM,1.5,4401747.01,1.74%,#VALUE!,,,
Plate2,2001,2,0,0,732.75,,,,,,,,
Plate2,2001,3,0,0,746.94,,,,,,,,
Plate2,2001,2,0,0,761.39,,,,,,,,
Plate2,2001,3,0,0,775.68,,,,,,,,
Plate2,12,1,4021067.882,0,790.54,MM0,3,0.999999751,0.00%,#VALUE!,,,
Plate2,12,3,4004736.521,0,805.38,MM0,3,0.999999251,0.00%,#VALUE!,,,
Plate2,12,5,3906270.205,0,820.32,MM0,3,0.99999872,0.00%,#VALUE!,,,
Plate2,2001,2,0,0,834.64,,,,,,,,
Plate2,2001,3,0,0,848.87,,,,,,,,
Plate2,12,7,4296533.939,105708.4653,863.86,EM,3,4910324.502,2.40%,#VALUE!,,,
Plate2,12,9,3857998.267,230142.0918,878.73,EM,3,4286664.741,5.63%,#VALUE!,,,
Plate2,12,11,4012114.994,202895.7832,893.59,EM,3,4376852.72,4.81%,#VALUE!,,,
Plate2,2001,2,0,0,908.06,,,,,,,,
Plate2,2001,3,0,0,922.25,,,,,,,,
Plate2,2001,2,0,0,936.58,,,,,,,,
Plate2,2001,3,0,0,950.79,,,,,,,,
Plate2,11,1,4015375.619,0,965.79,MM0,5,0.999999751,0.00%,#VALUE!,,,
Plate2,11,3,3706142.229,0,980.64,MM0,5,0.999999191,0.00%,#VALUE!,,,
Plate2,11,5,3776355.52,0,995.48,MM0,5,0.999998676,0.00%,#VALUE!,,,
Plate2,2001,2,0,0,1009.91,,,,,,,,
Plate2,2001,3,0,0,1024.11,,,,,,,,
Plate2,11,7,4373048.854,203218.2363,1039.08,EM,5,4997770.118,4.44%,#VALUE!,,,
Plate2,11,9,3402717.004,340605.1992,1053.92,EM,5,3780796.671,9.10%,#VALUE!,,,
Plate2,11,11,3621589.785,310362.1328,1068.75,EM,5,3950825.22,7.89%,#VALUE!,,,
Plate2,2001,2,0,0,1083.19,,,,,,,,
Plate2,2001,3,0,0,1097.39,,,,,,,,
Plate2,2001,2,0,0,1111.85,,,,,,,,
Plate2,2001,3,0,0,1126,,,,,,,,
Plate2,10,1,3832204.289,0,1140.95,MM0,10,0.999999739,0.00%,#VALUE!,,,
Plate2,10,3,3627055.491,0,1155.93,MM0,10,0.999999173,0.00%,#VALUE!,,,
Plate2,10,5,3870775.734,0,1170.75,MM0,10,0.999998708,0.00%,#VALUE!,,,
Plate2,2001,2,0,0,1185.18,,,,,,,,
Plate2,2001,3,0,0,1199.27,,,,,,,,
Plate2,10,7,4300649.834,405172.4282,1214.28,EM,10,4915028.382,8.61%,#VALUE!,,,
Plate2,10,9,3246009.012,617991.0391,1228.9,EM,10,3606676.68,15.99%,#VALUE!,,,
Plate2,10,11,3370918.581,579481.0078,1243.58,EM,10,3677365.725,14.67%,#VALUE!,,,
Plate2,2001,2,0,0,1258.01,,,,,,,,
Plate2,2001,3,0,0,1272.19,,,,,,,,
Plate2,2001,2,0,0,1286.65,,,,,,,,
Plate2,2001,3,0,0,1300.85,,,,,,,,
Plate2,9,1,2145998.033,0,1315.81,MM0,20,0.999999534,0.00%,#VALUE!,,,
Plate2,9,3,2122150.722,0,1330.64,MM0,20,0.999998586,0.00%,#VALUE!,,,
Plate2,9,5,2180459.347,0,1345.64,MM0,20,0.999997707,0.00%,#VALUE!,,,
Plate2,2001,2,0,0,1359.99,,,,,,,,
Plate2,2001,3,0,0,1374.17,,,,,,,,
Plate2,9,7,2188223.621,458290.6504,1389.15,EM,20,0.999996801,17.32%,#VALUE!,,,
Plate2,9,9,1668638.144,666947.4277,1404.02,EM,20,0.999994606,28.56%,#VALUE!,,,
Plate2,9,11,1801498.744,628383.4409,1418.72,EM,20,0.999993894,25.86%,#VALUE!,,,
Plate2,2001,2,0,0,1433.05,,,,,,,,
Plate2,2001,3,0,0,1447.26,,,,,,,,
Plate2,2001,2,0,0,1461.73,,,,,,,,
Plate2,2001,3,0,0,1475.88,,,,,,,,
Plate2,2001,2,0,0,1490.34,,,,,,,,
Plate2,2001,3,0,0,1504.44,,,,,,,,
Plate2,8,1,3318905.938,0,1519.3,MM0,40,0.999999699,0.00%,#VALUE!,,,
Plate2,8,3,3450400.797,0,1534.14,MM0,40,0.999999131,0.00%,#VALUE!,,,
Plate2,8,5,3428856.828,0,1549.11,MM0,40,0.999998542,0.00%,#VALUE!,,,
Plate2,2001,2,0,0,1563.58,,,,,,,,
Plate2,2001,3,0,0,1577.76,,,,,,,,
Plate2,2001,2,0,0,1592.08,,,,,,,,
Plate2,2001,3,0,0,1606.28,,,,,,,,
Plate2,8,7,2919270.313,1124231.703,1621.27,EM,40,0.999997602,27.80%,#VALUE!,,,
Plate2,8,9,1871134.227,1592841.709,1636.02,EM,40,0.99999519,45.98%,#VALUE!,,,
Plate2,8,11,2085478.84,1507648.549,1650.65,EM,40,0.999994725,41.96%,#VALUE!,,,
Plate2,2001,2,0,0,1664.99,,,,,,,,
Plate2,2001,3,0,0,1679.19,,,,,,,,
Plate2,2001,2,0,0,1693.66,,,,,,,,
Plate2,2001,3,0,0,1707.86,,,,,,,,
Plate2,7,1,3159927.634,0,1722.82,MM0,60,0.999999684,0.00%,#VALUE!,,,
Plate2,7,3,3162217.4,0,1737.68,MM0,60,0.999999051,0.00%,#VALUE!,,,
Plate2,7,5,2687785.162,0,1752.57,MM0,60,0.99999814,0.00%,#VALUE!,,,
Plate2,2001,2,0,0,1767.02,,,,,,,,
Plate2,2001,3,0,0,1781.21,,,,,,,,
Plate2,2001,2,0,0,1795.54,,,,,,,,
Plate2,2001,3,0,0,1809.86,,,,,,,,
Plate2,7,7,2177644.242,1354021.111,1824.71,EM,60,0.999996786,38.34%,#VALUE!,,,
Plate2,7,9,1388194.541,1878821.443,1839.48,EM,60,0.999993517,57.51%,#VALUE!,,,
Plate2,7,11,1545848.999,1836297.835,1854.1,EM,60,0.999992884,54.29%,#VALUE!,,,
Plate2,2001,2,0,0,1868.55,,,,,,,,
Plate2,2001,3,0,0,1882.33,,,,,,,,
Plate2,2001,2,0,0,1896.65,,,,,,,,
Plate2,2001,3,0,0,1910.85,,,,,,,,
Plate2,6,1,2982205.566,0,1925.86,MM0,90,0.999999665,0.00%,#VALUE!,,,
Plate2,6,3,2153879.082,0,1940.79,MM0,90,0.999998607,0.00%,#VALUE!,,,
Plate2,6,5,2815964.512,0,1955.63,MM0,90,0.999998224,0.00%,#VALUE!,,,
Plate2,2001,2,0,0,1970.11,,,,,,,,
Plate2,2001,3,0,0,1984.19,,,,,,,,
Plate2,2001,2,0,0,1998.63,,,,,,,,
Plate2,2001,3,0,0,2012.85,,,,,,,,
Plate2,6,7,1405964.054,1417912.406,2027.72,EM,90,0.999995021,50.21%,#VALUE!,,,
Plate2,6,9,887004.9766,2024547.928,2042.42,EM,90,0.999989854,69.53%,#VALUE!,,,
Plate2,6,11,1137443.393,2147395.332,2057.12,EM,90,0.999990329,65.37%,#VALUE!,,,
Plate2,2001,2,0,0,2071.58,,,,,,,,
Plate2,2001,3,0,0,2085.76,,,,,,,,
Plate2,2001,2,0,0,2100.21,,,,,,,,
Plate2,2001,3,0,0,2114.42,,,,,,,,
Plate2,2001,2,0,0,2128.77,,,,,,,,
Plate2,2001,3,0,0,2142.95,,,,,,,,
Plate2,5,1,2681870.138,10538.87891,2157.91,MM0,120,0.999999627,0.39%,#VALUE!,,,
Plate2,5,3,2616216.594,5781.760254,2172.76,MM0,120,0.999998853,0.22%,#VALUE!,,,
Plate2,5,5,2748433.036,11817.76709,2187.62,MM0,120,0.999998181,0.43%,#VALUE!,,,
Plate2,2001,2,0,0,2202.08,,,,,,,,
Plate2,2001,3,0,0,2216.16,,,,,,,,
Plate2,5,7,1187849.271,1623334.758,2231.04,EM,120,0.999994107,57.75%,#VALUE!,,,
Plate2,5,9,546991.2695,1926897.373,2245.87,EM,120,0.999983547,77.89%,#VALUE!,,,
Plate2,5,11,746315.207,2119651.492,2260.59,EM,120,0.999985261,73.96%,#VALUE!,,,
Plate2,2001,2,0,0,2274.92,,,,,,,,
Plate2,2001,3,0,0,2289.15,,,,,,,,
Plate2,2001,2,0,0,2303.58,,,,,,,,
Plate2,2001,3,0,0,2317.79,,,,,,,,
Plate2,4,1,853498.5903,52501.50439,2332.65,MM0,300,0.999998828,5.79%,#VALUE!,,,
Plate2,4,3,851841.791,35659.05859,2347.58,MM0,300,0.999996478,4.02%,#VALUE!,,,
Plate2,4,5,824293.9185,50355.35254,2362.46,MM0,300,0.999993934,5.76%,#VALUE!,,,
Plate2,2001,2,0,0,2376.91,,,,,,,,
Plate2,2001,3,0,0,2391.11,,,,,,,,
Plate2,4,7,569448.0322,2060125.506,2405.94,EM,300,0.999987708,78.34%,#VALUE!,,,
Plate2,4,9,221515.603,1902025.031,2420.64,EM,300,0.999959372,89.57%,#VALUE!,,,
Plate2,4,11,389524.5293,2568746.877,2435.37,EM,300,0.999971761,86.83%,#VALUE!,,,
Plate2,2001,2,0,0,2449.75,,,,,,,,
Plate2,2001,3,0,0,2463.96,,,,,,,,
Plate2,2001,2,0,0,2478.39,,,,,,,,
Plate2,2001,3,0,0,2492.59,,,,,,,,
