PlateName,Row,Column ,1442.74,1474.74, Injection Time (sec),EM/MM0,Timepoint,Fraction,% Oxidation,Turnover,,mg enzyme,uM_substrate
Plate2,2001,2,0,0,4.71,,,,,,,0.00254,9.00E-03
Plate2,2001,3,0,0,18.91,,,,,,,,
Plate2,2001,2,0,0,33.23,,,,,,,,
Plate2,2001,3,0,0,47.41,,,,,,,,
Plate2,16,14,3161668.291,0,62.39,MM0,0,0.999995572,0.00%,#VALUE!,,,
Plate2,16,16,6822257.013,0,77.25,MM0,0,0.999997655,0.00%,#VALUE!,,,
Plate2,16,18,1276361.603,0,92.12,MM0,0,0.999985898,0.00%,#VALUE!,,,
Plate2,2001,2,0,0,106.55,,,,,,,,
Plate2,2001,3,0,0,120.75,,,,,,,,
Plate2,16,20,2988524.838,0,135.74,EM,0,0.999993308,0.00%,#VALUE!,,,
Plate2,16,22,3144256.908,0,150.58,EM,0,0.999993003,0.00%,#VALUE!,,,
Plate2,16,24,2331603.598,0,165.54,EM,0,0.999989707,0.00%,#VALUE!,,,
Plate2,2001,2,0,0,180.02,,,,,,,,
Plate2,2001,3,0,0,193.72,,,,,,,,
Plate2,2001,2,0,0,208.16,,,,,,,,
Plate2,2001,3,0,0,222.38,,,,,,,,
Plate2,15,14,1226560.242,0,237.2,MM0,0.5,0.999988586,0.00%,#VALUE!,,,
Plate2,15,16,1001263.811,0,252.18,MM0,0.5,0.99998402,0.00%,#VALUE!,,,
Plate2,15,18,1898596.291,0,267.05,MM0,0.5,0.999990519,0.00%,#VALUE!,,,
Plate2,2001,2,0,0,281.54,,,,,,,,
Plate2,2001,3,0,0,295.73,,,,,,,,
Plate2,15,20,2092525.389,840603.4028,310.59,EM,0.5,0.999990442,28.66%,#VALUE!,,,
Plate2,15,22,2959603.895,1108999.428,325.55,EM,0.5,0.999992567,27.26%,#VALUE!,,,
Plate2,15,24,1619304.282,665511.3086,340.49,EM,0.5,0.999985179,29.13%,#VALUE!,,,
Plate2,2001,2,0,0,354.8,,,,,,,,
Plate2,2001,3,0,0,369.11,,,,,,,,
Plate2,2001,2,0,0,383.41,,,,,,,,
Plate2,2001,3,0,0,397.73,,,,,,,,
Plate2,14,14,4683559.546,0,412.55,MM0,1,0.999997011,0.00%,#VALUE!,,,
Plate2,14,16,5435850.733,0,427.49,MM0,1,0.999997057,0.00%,#VALUE!,,,
Plate2,14,18,4505791.354,0,442.34,MM0,1,0.999996005,0.00%,#VALUE!,,,
Plate2,2001,2,0,0,456.78,,,,,,,,
Plate2,2001,3,0,0,470.94,,,,,,,,
Plate2,14,20,2083337.975,2620001.523,485.8,EM,1,0.9999904,55.71%,#VALUE!,,,
Plate2,14,22,1930828.801,2491347.346,500.81,EM,1,0.999988606,56.34%,#VALUE!,,,
Plate2,14,24,1144101.063,1728216.434,515.67,EM,1,0.999979023,60.17%,#VALUE!,,,
Plate2,2001,2,0,0,530.11,,,,,,,,
Plate2,2001,3,0,0,544.27,,,,,,,,
Plate2,2001,2,0,0,558.71,,,,,,,,
Plate2,2001,3,0,0,572.92,,,,,,,,
Plate2,13,14,5581512.478,0,587.77,MM0,1.5,0.999997492,0.00%,#VALUE!,,,
Plate2,13,16,961080.1709,0,602.68,MM0,1.5,0.999983352,0.00%,#VALUE!,,,
Plate2,13,18,1128305.047,0,617.66,MM0,1.5,0.999984047,0.00%,#VALUE!,,,
Plate2,2001,2,0,0,631.99,,,,,,,,
Plate2,2001,3,0,0,646.15,,,,,,,,
Plate2,13,20,926132.1875,3354487.186,661.13,EM,1.5,0.999978405,78.36%,#VALUE!,,,
Plate2,13,22,982838.0508,3323864.066,675.96,EM,1.5,0.999977616,77.18%,#VALUE!,,,
Plate2,13,24,779293.8242,3083260.651,690.93,EM,1.5,0.999969204,79.82%,#VALUE!,,,
Plate2,2001,2,0,0,705.27,,,,,,,,
Plate2,2001,3,0,0,719.51,,,,,,,,
Plate2,2001,2,0,0,733.86,,,,,,,,
Plate2,2001,3,0,0,748.07,,,,,,,,
Plate2,12,14,5956591.412,0,762.94,MM0,3,0.99999765,0.00%,#VALUE!,,,
Plate2,12,16,979670.0488,0,777.98,MM0,3,0.999983668,0.00%,#VALUE!,,,
Plate2,12,18,1900403.65,0,792.84,MM0,3,0.999990528,0.00%,#VALUE!,,,
Plate2,2001,2,0,0,807.3,,,,,,,,
Plate2,2001,3,0,0,821.37,,,,,,,,
Plate2,12,20,208653.6172,3944359.881,836.35,EM,3,0.999904157,94.98%,#VALUE!,,,
Plate2,12,22,207436.0684,3964538.546,851.19,EM,3,0.999893954,95.03%,#VALUE!,,,
Plate2,12,24,188647.439,3634584.996,866.17,EM,3,0.999872795,95.07%,#VALUE!,,,
Plate2,2001,2,0,0,880.52,,,,,,,,
Plate2,2001,3,0,0,894.74,,,,,,,,
Plate2,2001,2,0,0,909.21,,,,,,,,
Plate2,2001,3,0,0,923.31,,,,,,,,
Plate2,11,14,2198747.18,0,938.29,MM0,5,0.999993633,0.00%,#VALUE!,,,
Plate2,11,16,5361089.646,0,953.18,MM0,5,0.999997016,0.00%,#VALUE!,,,
Plate2,11,18,5879095.123,0,967.93,MM0,5,0.999996938,0.00%,#VALUE!,,,
Plate2,2001,2,0,0,982.31,,,,,,,,
Plate2,2001,3,0,0,996.53,,,,,,,,
Plate2,11,20,169231.1094,3869430.7,1011.15,EM,5,0.999881832,95.81%,#VALUE!,,,
Plate2,11,22,166565.3359,3945883.445,1026.17,EM,5,0.999867937,95.95%,#VALUE!,,,
Plate2,11,24,146550.9063,3351754.487,1041.06,EM,5,0.999836261,95.81%,#VALUE!,,,
Plate2,2001,2,0,0,1055.41,,,,,,,,
Plate2,2001,3,0,0,1069.61,,,,,,,,
Plate2,2001,2,0,0,1084.08,,,,,,,,
Plate2,2001,3,0,0,1098.16,,,,,,,,
Plate2,10,14,5306165.638,0,1112.91,MM0,10,0.999997362,0.00%,#VALUE!,,,
Plate2,10,16,5161221.688,0,1127.62,MM0,10,0.9999969,0.00%,#VALUE!,,,
Plate2,10,18,5281060.503,0,1142.24,MM0,10,0.999996592,0.00%,#VALUE!,,,
Plate2,2001,2,0,0,1156.7,,,,,,,,
Plate2,2001,3,0,0,1170.89,,,,,,,,
Plate2,10,20,181628.2285,4043586.208,1185.62,EM,10,0.999889897,95.70%,#VALUE!,,,
Plate2,10,22,57844.24707,2005586.695,1200.35,EM,10,0.999619813,97.20%,#VALUE!,,,
Plate2,10,24,147997.4277,3602349.058,1215.05,EM,10,0.999837861,96.05%,#VALUE!,,,
Plate2,2001,2,0,0,1229.38,,,,,,,,
Plate2,2001,3,0,0,1243.59,,,,,,,,
Plate2,2001,2,0,0,1258.04,,,,,,,,
Plate2,2001,3,0,0,1272.24,,,,,,,,
Plate2,9,14,5405942.127,0,1286.98,MM0,20,0.99999741,0.00%,#VALUE!,,,
Plate2,9,16,5069724.731,0,1301.54,MM0,20,0.999996844,0.00%,#VALUE!,,,
Plate2,9,18,5425525.191,0,1316.28,MM0,20,0.999996682,0.00%,#VALUE!,,,
Plate2,2001,2,0,0,1330.61,,,,,,,,
Plate2,2001,3,0,0,1344.46,,,,,,,,
Plate2,9,20,157563.855,4019372.067,1359.17,EM,20,0.999873083,96.23%,#VALUE!,,,
Plate2,9,22,166343.2051,4042477.801,1373.86,EM,20,0.999867761,96.05%,#VALUE!,,,
Plate2,9,24,161858.6265,3787991.416,1388.58,EM,20,0.999851744,95.90%,#VALUE!,,,
Plate2,2001,2,0,0,1402.99,,,,,,,,
Plate2,2001,3,0,0,1417.18,,,,,,,,
Plate2,2001,2,0,0,1431.51,,,,,,,,
Plate2,2001,3,0,0,1445.69,,,,,,,,
Plate2,2001,2,0,0,1460.14,,,,,,,,
Plate2,2001,3,0,0,1474.35,,,,,,,,
Plate2,8,14,5089763.137,0,1489.07,MM0,40,0.999997249,0.00%,#VALUE!,,,
Plate2,8,16,4987778.202,0,1503.77,MM0,40,0.999996792,0.00%,#VALUE!,,,
Plate2,8,18,5130007.115,0,1518.48,MM0,40,0.999996491,0.00%,#VALUE!,,,
Plate2,2001,2,0,0,1532.93,,,,,,,,
Plate2,2001,3,0,0,1547.09,,,,,,,,
Plate2,2001,2,0,0,1561.42,,,,,,,,
Plate2,2001,3,0,0,1575.62,,,,,,,,
Plate2,8,20,167181.8281,4471886.476,1590.32,EM,40,0.999880384,96.40%,#VALUE!,,,
Plate2,8,22,176032.6895,4345991.527,1605.05,EM,40,0.999875039,96.11%,#VALUE!,,,
Plate2,8,24,145167.7524,3797214.677,1619.77,EM,40,0.999834701,96.32%,#VALUE!,,,
Plate2,2001,2,0,0,1634.09,,,,,,,,
Plate2,2001,3,0,0,1648.3,,,,,,,,
Plate2,2001,2,0,0,1662.76,,,,,,,,
Plate2,2001,3,0,0,1676.96,,,,,,,,
Plate2,7,14,4833076.318,0,1691.66,MM0,60,0.999997103,0.00%,#VALUE!,,,
Plate2,7,16,4768102.646,0,1706.34,MM0,60,0.999996644,0.00%,#VALUE!,,,
Plate2,7,18,5021061.881,0,1721.08,MM0,60,0.999996415,0.00%,#VALUE!,,,
Plate2,2001,2,0,0,1735.42,,,,,,,,
Plate2,2001,3,0,0,1749.53,,,,,,,,
Plate2,2001,2,0,0,1764,,,,,,,,
Plate2,2001,3,0,0,1778.19,,,,,,,,
Plate2,7,20,163745.5942,4377279.06,1792.87,EM,60,0.999877874,96.39%,#VALUE!,,,
Plate2,7,22,152000.9316,4209821.492,1807.56,EM,60,0.999855285,96.52%,#VALUE!,,,
Plate2,7,24,157133.3613,4166332.121,1822.29,EM,60,0.999847287,96.37%,#VALUE!,,,
Plate2,2001,2,0,0,1836.75,,,,,,,,
Plate2,2001,3,0,0,1850.97,,,,,,,,
Plate2,2001,2,0,0,1865.28,,,,,,,,
Plate2,2001,3,0,0,1879.48,,,,,,,,
Plate2,6,14,3299306.993,0,1894.19,MM0,90,0.999995757,0.00%,#VALUE!,,,
Plate2,6,16,4238156.949,0,1908.9,MM0,90,0.999996225,0.00%,#VALUE!,,,
Plate2,6,18,4209425,0,1923.53,MM0,90,0.999995724,0.00%,#VALUE!,,,
Plate2,2001,2,0,0,1937.98,,,,,,,,
Plate2,2001,3,0,0,1952.2,,,,,,,,
Plate2,2001,2,0,0,1966.52,,,,,,,,
Plate2,2001,3,0,0,1980.76,,,,,,,,
Plate2,6,20,46174.99512,2352782.209,1995.5,EM,90,0.999567053,98.08%,#VALUE!,,,
Plate2,6,22,158362.6567,4350211.93,2010.19,EM,90,0.999861098,96.49%,#VALUE!,,,
Plate2,6,24,160055.4648,4307103.262,2024.9,EM,90,0.999850074,96.42%,#VALUE!,,,
Plate2,2001,2,0,0,2039.23,,,,,,,,
Plate2,2001,3,0,0,2053.41,,,,,,,,
Plate2,2001,2,0,0,2067.82,,,,,,,,
Plate2,2001,3,0,0,2082.13,,,,,,,,
Plate2,2001,2,0,0,2096.46,,,,,,,,
Plate2,2001,3,0,0,2110.66,,,,,,,,
Plate2,5,14,3828249.514,10344.64844,2125.37,MM0,120,0.999996343,0.27%,#VALUE!,,,
Plate2,5,16,3988365.405,5147.555176,2140.06,MM0,120,0.999995988,0.13%,#VALUE!,,,
Plate2,5,18,822910.0332,0,2154.8,MM0,120,0.999978127,0.00%,#VALUE!,,,
Plate2,2001,2,0,0,2169.13,,,,,,,,
Plate2,2001,3,0,0,2183.35,,,,,,,,
Plate2,5,20,137413.8477,4360184.197,2198.11,EM,120,0.999854475,96.94%,#VALUE!,,,
Plate2,5,22,161990.5234,4861478.978,2212.81,EM,120,0.999864208,96.78%,#VALUE!,,,
Plate2,5,24,153648.2212,4679152.688,2227.5,EM,120,0.999843823,96.82%,#VALUE!,,,
Plate2,2001,2,0,0,2241.86,,,,,,,,
Plate2,2001,3,0,0,2256.05,,,,,,,,
Plate2,2001,2,0,0,2270.5,,,,,,,,
Plate2,2001,3,0,0,2284.71,,,,,,,,
Plate2,4,14,1152547.497,74603.35645,2299.45,MM0,300,0.999987853,6.08%,#VALUE!,,,
Plate2,4,16,686927.2378,37141.19971,2314.02,MM0,300,0.999976708,5.13%,#VALUE!,,,
Plate2,4,18,243112.6602,0,2328.74,MM0,300,0.999925966,0.00%,#VALUE!,,,
Plate2,2001,2,0,0,2343.24,,,,,,,,
Plate2,2001,3,0,0,2357.34,,,,,,,,
Plate2,4,20,102971.5098,5501665.828,2372.05,EM,300,0.999805809,98.16%,#VALUE!,,,
Plate2,4,22,113609.791,6349451.645,2386.78,EM,300,0.999806392,98.24%,#VALUE!,,,
Plate2,4,24,105682.4629,5403165.629,2401.52,EM,300,0.999772956,98.08%,#VALUE!,,,
Plate2,2001,2,0,0,2415.96,,,,,,,,
Plate2,2001,3,0,0,2430.15,,,,,,,,
Plate2,2001,2,0,0,2444.45,,,,,,,,
Plate2,2001,3,0,0,2458.68,,,,,,,,
