Well,Well Position,Sample,Target,Task,Reporter,Quencher,Amp Status,Cq,Cq Mean,Cq Confidence,Cq SD,Auto Threshold,Threshold,Auto Baseline,Baseline Start,Baseline End,Tm1,Tm2,Tm3,Tm4,Omit
193,I1,Sample 1,ADH1,UNKNOWN,SYBR,None,AMP,33.34539567,31.30527927,0.992250737,2.514804948,TRUE,0.039999999,TRUE,3,30,84.43861389,,,,FALSE
194,I2,Sample 1,ADH1,UNKNOWN,SYBR,None,NO_AMP,40,,0,,TRUE,0.039999999,TRUE,3,39,77.7123642,87.35332489,92.06169891,,FALSE
195,I3,Sample 1,ADH1,UNKNOWN,SYBR,None,AMP,29.64089466,31.30527927,0.992882125,2.514804948,TRUE,0.039999999,TRUE,3,26,84.43861389,,,,FALSE
196,I4,Sample 1,ADH1,UNKNOWN,SYBR,None,INCONCLUSIVE,38.73567422,31.30527927,0.30970785,2.514804948,TRUE,0.039999999,TRUE,3,36,78.04867554,,,,FALSE
197,I5,Sample 1,ADH1,UNKNOWN,SYBR,None,AMP,31.76952715,31.30527927,0.992122815,2.514804948,TRUE,0.039999999,TRUE,3,28,84.3165741,,,,FALSE
198,I6,Sample 1,ADH1,UNKNOWN,SYBR,None,NO_AMP,40,,0,,TRUE,0.039999999,TRUE,3,39,90.14363098,86.8939209,92.94509888,66.83538818,FALSE
199,I7,Sample 1,ADH1,UNKNOWN,SYBR,None,AMP,34.45606611,31.30527927,0.985453201,2.514804948,TRUE,0.039999999,TRUE,3,31,84.42862701,,,,FALSE
200,I8,Sample 1,ADH1,UNKNOWN,SYBR,None,NO_AMP,40,,0,,TRUE,0.039999999,TRUE,3,39,78.26539612,72.4383316,89.58333588,93.61745453,FALSE
201,I9,Sample 1,ADH1,UNKNOWN,SYBR,None,AMP,34.45493901,31.30527927,0.985079693,2.514804948,TRUE,0.039999999,TRUE,3,31,84.44483185,,,,FALSE
202,I10,Sample 1,ADH1,UNKNOWN,SYBR,None,NO_AMP,40,,0,,TRUE,0.039999999,TRUE,3,39,88.70580292,91.95759583,81.41729736,84.44483185,FALSE
203,I11,Sample 1,ADH1,UNKNOWN,SYBR,None,AMP,29.86697998,31.30527927,0.994619044,2.514804948,TRUE,0.039999999,TRUE,3,27,84.44483185,,,,FALSE
204,I12,Sample 1,ADH1,UNKNOWN,SYBR,None,NO_AMP,40,,0,,TRUE,0.039999999,TRUE,3,39,77.9412384,,,,FALSE
205,I13,Sample 1,ADH1,UNKNOWN,SYBR,None,AMP,31.00779989,31.30527927,0.991093002,2.514804948,TRUE,0.039999999,TRUE,3,28,84.43093872,,,,FALSE
206,I14,Sample 1,ADH1,UNKNOWN,SYBR,None,NO_AMP,40,,0,,TRUE,0.039999999,TRUE,3,39,79.05160522,91.7154541,82.07748413,94.06891632,FALSE
207,I15,Sample 1,ADH1,UNKNOWN,SYBR,None,AMP,29.79824968,31.30527927,0.986529301,2.514804948,TRUE,0.039999999,TRUE,3,27,84.31887054,,,,FALSE
208,I16,Sample 1,ADH1,UNKNOWN,SYBR,None,INCONCLUSIVE,38.57911025,31.30527927,0.483671104,2.514804948,TRUE,0.039999999,TRUE,3,35,84.43093872,62.12911987,,,FALSE
217,J1,Sample 1,ADH1,UNKNOWN,SYBR,None,AMP,30.26994986,31.30527927,0.99099593,2.514804948,TRUE,0.039999999,TRUE,3,27,84.43861389,,,,FALSE
218,J2,Sample 1,ADH1,UNKNOWN,SYBR,None,AMP,30.19985636,31.30527927,0.986033245,2.514804948,TRUE,0.039999999,TRUE,3,27,84.43861389,,,,FALSE
219,J3,Sample 1,ADH1,UNKNOWN,SYBR,None,AMP,30.58583935,31.30527927,0.988197656,2.514804948,TRUE,0.039999999,TRUE,3,27,84.43861389,,,,FALSE
220,J4,Sample 1,ADH1,UNKNOWN,SYBR,None,AMP,30.01261911,31.30527927,0.984568315,2.514804948,TRUE,0.039999999,TRUE,3,27,84.32650757,,,,FALSE
221,J5,Sample 1,ADH1,UNKNOWN,SYBR,None,AMP,29.81121538,31.30527927,0.987878212,2.514804948,TRUE,0.039999999,TRUE,3,27,84.3165741,,,,FALSE
222,J6,Sample 1,ADH1,UNKNOWN,SYBR,None,AMP,29.36453767,31.30527927,0.984793757,2.514804948,TRUE,0.039999999,TRUE,3,26,84.3165741,,,,FALSE
223,J7,Sample 1,ADH1,UNKNOWN,SYBR,None,AMP,31.54656857,31.30527927,0.986134556,2.514804948,TRUE,0.039999999,TRUE,3,28,84.3165741,,,,FALSE
224,J8,Sample 1,ADH1,UNKNOWN,SYBR,None,AMP,31.9714406,31.30527927,0.995151796,2.514804948,TRUE,0.039999999,TRUE,3,29,84.42862701,,,,FALSE
225,J9,Sample 1,ADH1,UNKNOWN,SYBR,None,AMP,28.25320335,31.30527927,0.990029848,2.514804948,TRUE,0.039999999,TRUE,3,25,84.44483185,,,,FALSE
226,J10,Sample 1,ADH1,UNKNOWN,SYBR,None,AMP,27.75537337,31.30527927,0.990572723,2.514804948,TRUE,0.039999999,TRUE,3,24,84.44483185,,,,FALSE
227,J11,Sample 1,ADH1,UNKNOWN,SYBR,None,AMP,29.03283722,31.30527927,0.981008321,2.514804948,TRUE,0.039999999,TRUE,3,26,84.44483185,,,,FALSE
228,J12,Sample 1,ADH1,UNKNOWN,SYBR,None,AMP,29.53479352,31.30527927,0.991800246,2.514804948,TRUE,0.039999999,TRUE,3,26,84.44483185,,,,FALSE
229,J13,Sample 1,ADH1,UNKNOWN,SYBR,None,AMP,34.6127138,31.30527927,0.985071953,2.514804948,TRUE,0.039999999,TRUE,3,31,84.43093872,,,,FALSE
230,J14,Sample 1,ADH1,UNKNOWN,SYBR,None,AMP,34.31475846,31.30527927,0.989273681,2.514804948,TRUE,0.039999999,TRUE,3,31,84.43093872,,,,FALSE
231,J15,Sample 1,ADH1,UNKNOWN,SYBR,None,AMP,29.29452471,31.30527927,0.981074485,2.514804948,TRUE,0.039999999,TRUE,3,26,84.31887054,,,,FALSE
232,J16,Sample 1,ADH1,UNKNOWN,SYBR,None,AMP,29.6304008,31.30527927,0.990759102,2.514804948,TRUE,0.039999999,TRUE,3,26,84.31887054,,,,FALSE
241,K1,Sample 1,ADH1,UNKNOWN,SYBR,None,AMP,33.5339566,31.30527927,0.979864888,2.514804948,TRUE,0.039999999,TRUE,3,30,84.43861389,,,,FALSE
242,K2,Sample 1,ADH1,UNKNOWN,SYBR,None,AMP,32.54716474,31.30527927,0.951151799,2.514804948,TRUE,0.039999999,TRUE,3,29,84.32650757,,,,FALSE
243,K3,Sample 1,ADH1,UNKNOWN,SYBR,None,AMP,32.86550758,31.30527927,0.975470296,2.514804948,TRUE,0.039999999,TRUE,3,30,84.32650757,,,,FALSE
244,K4,Sample 1,ADH1,UNKNOWN,SYBR,None,AMP,32.63602591,31.30527927,0.977960543,2.514804948,TRUE,0.039999999,TRUE,3,29,84.32650757,,,,FALSE
245,K5,Sample 1,ADH1,UNKNOWN,SYBR,None,AMP,33.36715913,31.30527927,0.983920993,2.514804948,TRUE,0.039999999,TRUE,3,30,84.3165741,,,,FALSE
246,K6,Sample 1,ADH1,UNKNOWN,SYBR,None,AMP,32.11571972,31.30527927,0.986332478,2.514804948,TRUE,0.039999999,TRUE,3,29,84.3165741,,,,FALSE
247,K7,Sample 1,ADH1,UNKNOWN,SYBR,None,NO_AMP,UNDETERMINED,,0,,TRUE,0.039999999,TRUE,3,39,77.25686646,61.90480423,,,FALSE
248,K8,Sample 1,ADH1,UNKNOWN,SYBR,None,NO_AMP,UNDETERMINED,,0,,TRUE,0.039999999,TRUE,3,39,82.41156769,77.59304047,84.98892212,79.9462738,FALSE
249,K9,Sample 1,ADH1,UNKNOWN,SYBR,None,NO_AMP,UNDETERMINED,,0,,TRUE,0.039999999,TRUE,3,39,77.71697998,84.44483185,82.31434631,90.38777161,FALSE
250,K10,Sample 1,ADH1,UNKNOWN,SYBR,None,NO_AMP,UNDETERMINED,,0,,TRUE,0.039999999,TRUE,3,39,77.38058472,68.4101181,90.49989319,92.96677399,FALSE
251,K11,Sample 1,ADH1,UNKNOWN,SYBR,None,AMP,31.86497266,31.30527927,0.993211281,2.514804948,TRUE,0.039999999,TRUE,3,29,84.33270264,,,,FALSE
252,K12,Sample 1,ADH1,UNKNOWN,SYBR,None,AMP,31.22052521,31.30527927,0.987769848,2.514804948,TRUE,0.039999999,TRUE,3,28,84.33270264,,,,FALSE
253,K13,Sample 1,ADH1,UNKNOWN,SYBR,None,AMP,29.09774345,31.30527927,0.99053983,2.514804948,TRUE,0.039999999,TRUE,3,26,84.31887054,,,,FALSE
254,K14,Sample 1,ADH1,UNKNOWN,SYBR,None,AMP,29.1826876,31.30527927,0.992011721,2.514804948,TRUE,0.039999999,TRUE,3,26,84.20680237,,,,FALSE
255,K15,Sample 1,ADH1,UNKNOWN,SYBR,None,AMP,29.96359018,31.30527927,0.975321487,2.514804948,TRUE,0.039999999,TRUE,3,27,84.20680237,,,,FALSE
256,K16,Sample 1,ADH1,UNKNOWN,SYBR,None,AMP,29.72437976,31.30527927,0.981802741,2.514804948,TRUE,0.039999999,TRUE,3,26,84.20680237,,,,FALSE
265,L1,Sample 1,ADH1,UNKNOWN,SYBR,None,AMP,28.94036765,31.30527927,0.983638359,2.514804948,TRUE,0.039999999,TRUE,3,26,84.43861389,,,,FALSE
266,L2,Sample 1,ADH1,UNKNOWN,SYBR,None,AMP,28.87838612,31.30527927,0.974260273,2.514804948,TRUE,0.039999999,TRUE,3,26,84.43861389,,,,FALSE
267,L3,Sample 1,ADH1,UNKNOWN,SYBR,None,NO_AMP,39.40023403,31.30527927,0,2.514804948,TRUE,0.039999999,TRUE,3,36,77.48815918,62.46619415,,,FALSE
268,L4,Sample 1,ADH1,UNKNOWN,SYBR,None,NO_AMP,UNDETERMINED,,0,,TRUE,0.039999999,TRUE,3,39,83.20546722,76.92763519,89.93171692,68.74402618,FALSE
269,L5,Sample 1,ADH1,UNKNOWN,SYBR,None,AMP,33.28101103,31.30527927,0.979680851,2.514804948,TRUE,0.039999999,TRUE,3,30,84.3165741,,,,FALSE
270,L6,Sample 1,ADH1,UNKNOWN,SYBR,None,AMP,32.55303913,31.30527927,0.977094262,2.514804948,TRUE,0.039999999,TRUE,3,29,84.3165741,,,,FALSE
271,L7,Sample 1,ADH1,UNKNOWN,SYBR,None,NO_AMP,UNDETERMINED,,0,,TRUE,0.039999999,TRUE,3,39,91.37628174,79.38598633,81.62715912,76.0242157,FALSE
272,L8,Sample 1,ADH1,UNKNOWN,SYBR,None,AMP,34.20735576,31.30527927,0.989941117,2.514804948,TRUE,0.039999999,TRUE,3,31,84.42862701,,,,FALSE
273,L9,Sample 1,ADH1,UNKNOWN,SYBR,None,AMP,31.14283341,31.30527927,0.984472699,2.514804948,TRUE,0.039999999,TRUE,3,28,84.44483185,,,,FALSE
274,L10,Sample 1,ADH1,UNKNOWN,SYBR,None,AMP,31.29321624,31.30527927,0.968574255,2.514804948,TRUE,0.039999999,TRUE,3,28,84.44483185,,,,FALSE
275,L11,Sample 1,ADH1,UNKNOWN,SYBR,None,AMP,27.63218134,31.30527927,0.984290255,2.514804948,TRUE,0.039999999,TRUE,3,24,84.44483185,,,,FALSE
276,L12,Sample 1,ADH1,UNKNOWN,SYBR,None,AMP,27.45503355,31.30527927,0.985460264,2.514804948,TRUE,0.039999999,TRUE,3,24,84.44483185,,,,FALSE
97,E1,Sample 1,HB1,UNKNOWN,SYBR,None,NO_AMP,UNDETERMINED,,0,,TRUE,0.2,TRUE,3,39,84.32650757,87.01701355,90.82855225,76.14290619,FALSE
98,E2,Sample 1,HB1,UNKNOWN,SYBR,None,NO_AMP,UNDETERMINED,,0,,TRUE,0.2,TRUE,3,39,79.2818222,92.73432922,82.86915588,75.91870117,FALSE
99,E3,Sample 1,HB1,UNKNOWN,SYBR,None,NO_AMP,UNDETERMINED,,0,,TRUE,0.2,TRUE,3,39,83.87809753,88.36225891,91.16487122,86.12017822,FALSE
100,E4,Sample 1,HB1,UNKNOWN,SYBR,None,NO_AMP,UNDETERMINED,,0,,TRUE,0.2,TRUE,3,39,86.56859589,79.84234619,75.13397217,92.95853424,FALSE
101,E5,Sample 1,HB1,UNKNOWN,SYBR,None,NO_AMP,UNDETERMINED,,0,,TRUE,0.2,TRUE,3,39,76.36039734,90.25569153,80.1703949,83.30804443,FALSE
102,E6,Sample 1,HB1,UNKNOWN,SYBR,None,NO_AMP,UNDETERMINED,,0,,TRUE,0.2,TRUE,3,39,88.35069275,93.05715942,81.73921967,79.38598633,FALSE
103,E7,Sample 1,HB1,UNKNOWN,SYBR,None,NO_AMP,UNDETERMINED,,0,,TRUE,0.2,TRUE,3,39,79.49803925,83.08392334,66.16304016,86.66980743,FALSE
104,E8,Sample 1,HB1,UNKNOWN,SYBR,None,NO_AMP,UNDETERMINED,,0,,TRUE,0.2,TRUE,3,39,88.46274567,82.29951477,74.79156494,69.74892426,FALSE
105,E9,Sample 1,HB1,UNKNOWN,SYBR,None,NO_AMP,UNDETERMINED,,0,,TRUE,0.2,TRUE,3,39,90.27563477,83.77204895,78.50189209,75.25009918,FALSE
106,E10,Sample 1,HB1,UNKNOWN,SYBR,None,NO_AMP,UNDETERMINED,,0,,TRUE,0.2,TRUE,3,39,92.63038635,87.36022949,81.52942657,83.99630737,FALSE
107,E11,Sample 1,HB1,UNKNOWN,SYBR,None,NO_AMP,UNDETERMINED,,0,,TRUE,0.2,TRUE,3,39,84.55696106,82.20220947,89.49072266,92.63038635,FALSE
108,E12,Sample 1,HB1,UNKNOWN,SYBR,None,NO_AMP,UNDETERMINED,,0,,TRUE,0.2,TRUE,3,39,92.29399109,88.59367371,83.43565369,71.99830627,FALSE
109,E13,Sample 1,HB1,UNKNOWN,SYBR,None,NO_AMP,UNDETERMINED,,0,,TRUE,0.2,TRUE,3,39,92.05166626,84.99128723,79.05160522,87.00853729,FALSE
110,E14,Sample 1,HB1,UNKNOWN,SYBR,None,NO_AMP,UNDETERMINED,,0,,TRUE,0.2,TRUE,3,39,77.81884766,83.19818115,92.49993896,67.06018066,FALSE
111,E15,Sample 1,HB1,UNKNOWN,SYBR,None,NO_AMP,UNDETERMINED,,0,,TRUE,0.2,TRUE,3,39,82.86196899,64.03430176,67.62052155,92.49993896,FALSE
112,E16,Sample 1,HB1,UNKNOWN,SYBR,None,NO_AMP,UNDETERMINED,,0,,TRUE,0.2,TRUE,3,39,75.46538544,72.103302,78.49125671,90.93096924,FALSE
121,F1,Sample 1,HB1,UNKNOWN,SYBR,None,NO_AMP,UNDETERMINED,,0,,TRUE,0.2,TRUE,3,39,92.17380524,88.47436523,77.15184021,83.20546722,FALSE
122,F2,Sample 1,HB1,UNKNOWN,SYBR,None,NO_AMP,UNDETERMINED,,0,,TRUE,0.2,TRUE,3,39,92.95853424,90.04382324,84.88703156,87.12911987,FALSE
123,F3,Sample 1,HB1,UNKNOWN,SYBR,None,NO_AMP,UNDETERMINED,,0,,TRUE,0.2,TRUE,3,39,91.72538757,79.95445251,82.30863953,76.25500488,FALSE
124,F4,Sample 1,HB1,UNKNOWN,SYBR,None,NO_AMP,UNDETERMINED,,0,,TRUE,0.2,TRUE,3,39,91.50117493,84.77493286,75.35817719,79.61813354,FALSE
125,F5,Sample 1,HB1,UNKNOWN,SYBR,None,NO_AMP,UNDETERMINED,,0,,TRUE,0.2,TRUE,3,39,85.21304321,87.79039001,75.91215515,90.815979,FALSE
126,F6,Sample 1,HB1,UNKNOWN,SYBR,None,NO_AMP,UNDETERMINED,,0,,TRUE,0.2,TRUE,3,39,92.04862976,85.21304321,82.97186279,78.82568359,FALSE
127,F7,Sample 1,HB1,UNKNOWN,SYBR,None,NO_AMP,UNDETERMINED,,0,,TRUE,0.2,TRUE,3,39,92.04862976,89.58333588,79.04980469,76.24833679,FALSE
128,F8,Sample 1,HB1,UNKNOWN,SYBR,None,NO_AMP,UNDETERMINED,,0,,TRUE,0.2,TRUE,3,39,79.61009979,84.65274811,82.63568878,89.02304077,FALSE
129,F9,Sample 1,HB1,UNKNOWN,SYBR,None,NO_AMP,UNDETERMINED,,0,,TRUE,0.2,TRUE,3,39,84.44483185,72.2225647,90.38777161,77.26845551,FALSE
130,F10,Sample 1,HB1,UNKNOWN,SYBR,None,NO_AMP,UNDETERMINED,,0,,TRUE,0.2,TRUE,3,39,83.88417816,90.38777161,81.41729736,92.63038635,FALSE
131,F11,Sample 1,HB1,UNKNOWN,SYBR,None,NO_AMP,UNDETERMINED,,0,,TRUE,0.2,TRUE,3,39,88.59367371,78.16549683,91.84546661,74.0166626,FALSE
132,F12,Sample 1,HB1,UNKNOWN,SYBR,None,NO_AMP,UNDETERMINED,,0,,TRUE,0.2,TRUE,3,39,87.47236633,83.88417816,81.0809021,90.49989319,FALSE
133,F13,Sample 1,HB1,UNKNOWN,SYBR,None,NO_AMP,UNDETERMINED,,0,,TRUE,0.2,TRUE,3,39,85.43956757,91.7154541,78.82746887,82.97403717,FALSE
134,F14,Sample 1,HB1,UNKNOWN,SYBR,None,NO_AMP,UNDETERMINED,,0,,TRUE,0.2,TRUE,3,39,78.26712036,92.72408295,89.13786316,81.40506744,FALSE
135,F15,Sample 1,HB1,UNKNOWN,SYBR,None,NO_AMP,UNDETERMINED,,0,,TRUE,0.2,TRUE,3,39,84.09473419,78.04298401,87.23268127,81.29299927,FALSE
136,F16,Sample 1,HB1,UNKNOWN,SYBR,None,NO_AMP,UNDETERMINED,,0,,TRUE,0.2,TRUE,3,39,93.06028748,63.69809341,90.70683289,75.46538544,FALSE
145,G1,Sample 1,HB1,UNKNOWN,SYBR,None,NO_AMP,UNDETERMINED,,0,,TRUE,0.2,TRUE,3,39,76.92763519,85.2233429,80.40286255,92.51011658,FALSE
146,G2,Sample 1,HB1,UNKNOWN,SYBR,None,NO_AMP,UNDETERMINED,,0,,TRUE,0.2,TRUE,3,39,82.64495087,85.44755554,87.57752991,89.7075119,FALSE
147,G3,Sample 1,HB1,UNKNOWN,SYBR,None,NO_AMP,UNDETERMINED,,0,,TRUE,0.2,TRUE,3,39,84.43861389,86.45648956,92.95853424,91.38907623,FALSE
148,G4,Sample 1,HB1,UNKNOWN,SYBR,None,NO_AMP,UNDETERMINED,,0,,TRUE,0.2,TRUE,3,39,83.99019623,80.96338654,65.94142151,76.03079987,FALSE
149,G5,Sample 1,HB1,UNKNOWN,SYBR,None,NO_AMP,UNDETERMINED,,0,,TRUE,0.2,TRUE,3,39,90.59186554,75.57598114,68.18009949,81.06686401,FALSE
150,G6,Sample 1,HB1,UNKNOWN,SYBR,None,NO_AMP,UNDETERMINED,,0,,TRUE,0.2,TRUE,3,39,92.60892487,89.35922241,77.92921448,84.20451355,FALSE
151,G7,Sample 1,HB1,UNKNOWN,SYBR,None,NO_AMP,UNDETERMINED,,0,,TRUE,0.2,TRUE,3,39,89.35922241,66.05097961,92.72097778,77.14480591,FALSE
152,G8,Sample 1,HB1,UNKNOWN,SYBR,None,NO_AMP,UNDETERMINED,,0,,TRUE,0.2,TRUE,3,39,82.97186279,93.39334106,80.05833435,76.36039734,FALSE
153,G9,Sample 1,HB1,UNKNOWN,SYBR,None,NO_AMP,UNDETERMINED,,0,,TRUE,0.2,TRUE,3,39,85.79039764,91.7333374,77.49271393,89.37858582,FALSE
154,G10,Sample 1,HB1,UNKNOWN,SYBR,None,NO_AMP,UNDETERMINED,,0,,TRUE,0.2,TRUE,3,39,91.62120056,87.80875397,77.60484314,89.60284424,FALSE
155,G11,Sample 1,HB1,UNKNOWN,SYBR,None,NO_AMP,UNDETERMINED,,0,,TRUE,0.2,TRUE,3,39,87.47236633,77.04418945,66.95241547,84.89335632,FALSE
156,G12,Sample 1,HB1,UNKNOWN,SYBR,None,NO_AMP,UNDETERMINED,,0,,TRUE,0.2,TRUE,3,39,81.30516815,91.28481293,87.13597107,77.71697998,FALSE
157,G13,Sample 1,HB1,UNKNOWN,SYBR,None,NO_AMP,UNDETERMINED,,0,,TRUE,0.2,TRUE,3,39,89.58613586,71.43088531,79.72402954,81.74127197,FALSE
158,G14,Sample 1,HB1,UNKNOWN,SYBR,None,NO_AMP,UNDETERMINED,,0,,TRUE,0.2,TRUE,3,39,85.21542358,80.5085144,89.69821167,91.37924957,FALSE
159,G15,Sample 1,HB1,UNKNOWN,SYBR,None,NO_AMP,UNDETERMINED,,0,,TRUE,0.2,TRUE,3,39,85.43956757,91.37924957,81.51713562,61.79291153,FALSE
160,G16,Sample 1,HB1,UNKNOWN,SYBR,None,NO_AMP,UNDETERMINED,,0,,TRUE,0.2,TRUE,3,39,90.59475708,67.28431702,64.03430176,85.10336304,FALSE
169,H1,Sample 1,HB1,UNKNOWN,SYBR,None,NO_AMP,UNDETERMINED,,0,,TRUE,0.2,TRUE,3,39,88.9227829,91.27696991,70.87400818,75.02186584,FALSE
170,H2,Sample 1,HB1,UNKNOWN,SYBR,None,NO_AMP,UNDETERMINED,,0,,TRUE,0.2,TRUE,3,39,80.51496887,90.82855225,92.6222229,67.17456818,FALSE
171,H3,Sample 1,HB1,UNKNOWN,SYBR,None,NO_AMP,UNDETERMINED,,0,,TRUE,0.2,TRUE,3,39,72.89188385,82.64495087,84.66282654,89.48330688,FALSE
172,H4,Sample 1,HB1,UNKNOWN,SYBR,None,NO_AMP,UNDETERMINED,,0,,TRUE,0.2,TRUE,3,39,80.6270752,73.78871918,91.38907623,83.87809753,FALSE
173,H5,Sample 1,HB1,UNKNOWN,SYBR,None,NO_AMP,UNDETERMINED,,0,,TRUE,0.2,TRUE,3,39,84.092453,87.34216309,90.815979,79.72216034,FALSE
174,H6,Sample 1,HB1,UNKNOWN,SYBR,None,NO_AMP,UNDETERMINED,,0,,TRUE,0.2,TRUE,3,39,91.48833466,85.32510376,74.45539093,71.09362793,FALSE
175,H7,Sample 1,HB1,UNKNOWN,SYBR,None,NO_AMP,UNDETERMINED,,0,,TRUE,0.2,TRUE,3,39,86.55774689,81.40303802,89.47127533,83.86833191,FALSE
176,H8,Sample 1,HB1,UNKNOWN,SYBR,None,NO_AMP,UNDETERMINED,,0,,TRUE,0.2,TRUE,3,39,85.88539124,88.46274567,79.49803925,81.85127258,FALSE
177,H9,Sample 1,HB1,UNKNOWN,SYBR,None,NO_AMP,UNDETERMINED,,0,,TRUE,0.2,TRUE,3,39,89.49072266,85.90252686,75.02583313,67.40093994,FALSE
178,H10,Sample 1,HB1,UNKNOWN,SYBR,None,NO_AMP,UNDETERMINED,,0,,TRUE,0.2,TRUE,3,39,76.37140656,88.59367371,93.0789032,73.56813812,FALSE
179,H11,Sample 1,HB1,UNKNOWN,SYBR,None,NO_AMP,UNDETERMINED,,0,,TRUE,0.2,TRUE,3,39,93.97595215,89.15432739,85.11761475,64.03701019,FALSE
180,H12,Sample 1,HB1,UNKNOWN,SYBR,None,NO_AMP,UNDETERMINED,,0,,TRUE,0.2,TRUE,3,39,85.11761475,73.79239655,,,FALSE
1,A1,Sample 1,PDC1,UNKNOWN,SYBR,None,NO_AMP,UNDETERMINED,,0,,TRUE,0.039999999,TRUE,3,39,83.31757355,87.35332489,91.27696991,79.05761719,FALSE
2,A2,Sample 1,PDC1,UNKNOWN,SYBR,None,NO_AMP,UNDETERMINED,,0,,TRUE,0.039999999,TRUE,3,39,75.5823822,70.31348419,78.83340454,83.20546722,FALSE
3,A3,Sample 1,PDC1,UNKNOWN,SYBR,None,NO_AMP,UNDETERMINED,,0,,TRUE,0.039999999,TRUE,3,39,78.60919952,89.14698792,74.23713684,92.84643555,FALSE
4,A4,Sample 1,PDC1,UNKNOWN,SYBR,None,NO_AMP,UNDETERMINED,,0,,TRUE,0.039999999,TRUE,3,39,87.35332489,83.42967987,93.63116455,70.76190186,FALSE
5,A5,Sample 1,PDC1,UNKNOWN,SYBR,None,NO_AMP,UNDETERMINED,,0,,TRUE,0.039999999,TRUE,3,39,87.34216309,83.30804443,93.50539398,79.04980469,FALSE
6,A6,Sample 1,PDC1,UNKNOWN,SYBR,None,NO_AMP,UNDETERMINED,,0,,TRUE,0.039999999,TRUE,3,39,78.71363068,90.14363098,85.21304321,92.3848114,FALSE
7,A7,Sample 1,PDC1,UNKNOWN,SYBR,None,NO_AMP,UNDETERMINED,,0,,TRUE,0.039999999,TRUE,3,39,90.03157043,83.86833191,87.23010254,77.81715393,FALSE
8,A8,Sample 1,PDC1,UNKNOWN,SYBR,None,NO_AMP,UNDETERMINED,,0,,TRUE,0.039999999,TRUE,3,39,83.19598389,87.90245056,73.44686127,70.53333282,FALSE
9,A9,Sample 1,PDC1,UNKNOWN,SYBR,None,NO_AMP,UNDETERMINED,,0,,TRUE,0.039999999,TRUE,3,39,90.38777161,78.72615814,85.11761475,69.64355469,FALSE
10,A10,Sample 1,PDC1,UNKNOWN,SYBR,None,NO_AMP,UNDETERMINED,,0,,TRUE,0.039999999,TRUE,3,39,85.79039764,78.61402893,91.17268372,82.20220947,FALSE
11,A11,Sample 1,PDC1,UNKNOWN,SYBR,None,AMP,UNDETERMINED,,0,,TRUE,0.039999999,TRUE,3,39,78.72615814,,,,FALSE
12,A12,Sample 1,PDC1,UNKNOWN,SYBR,None,INCONCLUSIVE,UNDETERMINED,,0,,TRUE,0.039999999,TRUE,3,39,78.83828735,70.31634521,,,FALSE
13,A13,Sample 1,PDC1,UNKNOWN,SYBR,None,NO_AMP,UNDETERMINED,,0,,TRUE,0.039999999,TRUE,3,39,78.93953705,89.36199951,84.20680237,86.33612061,FALSE
14,A14,Sample 1,PDC1,UNKNOWN,SYBR,None,NO_AMP,UNDETERMINED,,0,,TRUE,0.039999999,TRUE,3,39,83.64645386,90.93096924,61.68084335,87.23268127,FALSE
15,A15,Sample 1,PDC1,UNKNOWN,SYBR,None,NO_AMP,UNDETERMINED,,0,,TRUE,0.039999999,TRUE,3,39,78.60333252,90.48269653,67.50845337,,FALSE
16,A16,Sample 1,PDC1,UNKNOWN,SYBR,None,NO_AMP,UNDETERMINED,,0,,TRUE,0.039999999,TRUE,3,39,78.7154007,87.90509033,72.32743835,83.19818115,FALSE
25,B1,Sample 1,PDC1,UNKNOWN,SYBR,None,NO_AMP,UNDETERMINED,,0,,TRUE,0.039999999,TRUE,3,39,78.4970932,86.56859589,,,FALSE
26,B2,Sample 1,PDC1,UNKNOWN,SYBR,None,AMP,UNDETERMINED,,0,,TRUE,0.039999999,TRUE,3,39,78.83340454,92.06169891,63.13882065,66.05352783,FALSE
27,B3,Sample 1,PDC1,UNKNOWN,SYBR,None,NO_AMP,UNDETERMINED,,0,,TRUE,0.039999999,TRUE,3,39,78.83340454,82.98126221,,,FALSE
28,B4,Sample 1,PDC1,UNKNOWN,SYBR,None,INCONCLUSIVE,UNDETERMINED,,0,,TRUE,0.039999999,TRUE,3,39,78.83340454,92.6222229,71.09822083,84.10230255,FALSE
29,B5,Sample 1,PDC1,UNKNOWN,SYBR,None,NO_AMP,UNDETERMINED,,0,,TRUE,0.039999999,TRUE,3,39,78.60157013,63.473629,72.4383316,91.6003952,FALSE
30,B6,Sample 1,PDC1,UNKNOWN,SYBR,None,NO_AMP,UNDETERMINED,,0,,TRUE,0.039999999,TRUE,3,39,78.82568359,86.22157288,89.24716187,63.80980301,FALSE
31,B7,Sample 1,PDC1,UNKNOWN,SYBR,None,NO_AMP,UNDETERMINED,,0,,TRUE,0.039999999,TRUE,3,39,79.49803925,89.24716187,93.28128052,72.21421814,FALSE
32,B8,Sample 1,PDC1,UNKNOWN,SYBR,None,NO_AMP,UNDETERMINED,,0,,TRUE,0.039999999,TRUE,3,39,88.68686676,92.72097778,81.17892456,84.20451355,FALSE
33,B9,Sample 1,PDC1,UNKNOWN,SYBR,None,INCONCLUSIVE,UNDETERMINED,,0,,TRUE,0.039999999,TRUE,3,39,78.72615814,86.46318817,89.04219055,64.1491394,FALSE
34,B10,Sample 1,PDC1,UNKNOWN,SYBR,None,NO_AMP,UNDETERMINED,,0,,TRUE,0.039999999,TRUE,3,39,78.83828735,90.05137634,63.25209808,87.92088318,FALSE
35,B11,Sample 1,PDC1,UNKNOWN,SYBR,None,INCONCLUSIVE,UNDETERMINED,,0,,TRUE,0.039999999,TRUE,3,39,78.83828735,63.70061874,66.39176178,,FALSE
36,B12,Sample 1,PDC1,UNKNOWN,SYBR,None,NO_AMP,UNDETERMINED,,0,,TRUE,0.039999999,TRUE,3,39,78.83828735,88.59367371,84.44483185,,FALSE
37,B13,Sample 1,PDC1,UNKNOWN,SYBR,None,NO_AMP,UNDETERMINED,,0,,TRUE,0.039999999,TRUE,3,39,90.81890106,85.8878479,76.13780212,83.08610535,FALSE
38,B14,Sample 1,PDC1,UNKNOWN,SYBR,None,NO_AMP,UNDETERMINED,,0,,TRUE,0.039999999,TRUE,3,39,91.04304504,88.01716614,82.18955231,70.19812012,FALSE
39,B15,Sample 1,PDC1,UNKNOWN,SYBR,None,NO_AMP,UNDETERMINED,,0,,TRUE,0.039999999,TRUE,3,39,78.7154007,89.13786316,86.78440094,93.28442383,FALSE
40,B16,Sample 1,PDC1,UNKNOWN,SYBR,None,NO_AMP,UNDETERMINED,,0,,TRUE,0.039999999,TRUE,3,39,78.60333252,87.34474945,67.84466553,75.57745361,FALSE
49,C1,Sample 1,PDC1,UNKNOWN,SYBR,None,NO_AMP,UNDETERMINED,,0,,TRUE,0.039999999,TRUE,3,39,82.75704956,85.78386688,78.60919952,66.38983917,FALSE
50,C2,Sample 1,PDC1,UNKNOWN,SYBR,None,NO_AMP,UNDETERMINED,,0,,TRUE,0.039999999,TRUE,3,39,90.38014221,78.72129822,87.35332489,82.42073822,FALSE
51,C3,Sample 1,PDC1,UNKNOWN,SYBR,None,NO_AMP,UNDETERMINED,,0,,TRUE,0.039999999,TRUE,3,39,82.64495087,73.67661285,78.4970932,69.52875519,FALSE
52,C4,Sample 1,PDC1,UNKNOWN,SYBR,None,NO_AMP,UNDETERMINED,,0,,TRUE,0.039999999,TRUE,3,39,78.72129822,83.42967987,74.01292419,85.78386688,FALSE
53,C5,Sample 1,PDC1,UNKNOWN,SYBR,None,NO_AMP,UNDETERMINED,,0,,TRUE,0.039999999,TRUE,3,39,78.60157013,87.23010254,90.25569153,84.76480103,FALSE
54,C6,Sample 1,PDC1,UNKNOWN,SYBR,None,NO_AMP,UNDETERMINED,,0,,TRUE,0.039999999,TRUE,3,39,78.60157013,90.815979,87.56627655,81.62715912,FALSE
55,C7,Sample 1,PDC1,UNKNOWN,SYBR,None,NO_AMP,UNDETERMINED,,0,,TRUE,0.039999999,TRUE,3,39,83.86833191,80.84274292,87.34216309,93.84156799,FALSE
56,C8,Sample 1,PDC1,UNKNOWN,SYBR,None,INCONCLUSIVE,UNDETERMINED,,0,,TRUE,0.039999999,TRUE,3,39,75.23980713,69.18862915,89.69538879,65.93891907,FALSE
57,C9,Sample 1,PDC1,UNKNOWN,SYBR,None,NO_AMP,UNDETERMINED,,0,,TRUE,0.039999999,TRUE,3,39,85.67826843,89.71498108,78.50189209,83.43565369,FALSE
58,C10,Sample 1,PDC1,UNKNOWN,SYBR,None,NO_AMP,UNDETERMINED,,0,,TRUE,0.039999999,TRUE,3,39,92.4061203,83.32351685,79.17468262,89.60284424,FALSE
59,C11,Sample 1,PDC1,UNKNOWN,SYBR,None,INCONCLUSIVE,UNDETERMINED,,0,,TRUE,0.039999999,TRUE,3,39,78.50189209,,,,FALSE
60,C12,Sample 1,PDC1,UNKNOWN,SYBR,None,INCONCLUSIVE,UNDETERMINED,,0,,TRUE,0.039999999,TRUE,3,39,78.50189209,62.57931137,,,FALSE
61,C13,Sample 1,PDC1,UNKNOWN,SYBR,None,INCONCLUSIVE,UNDETERMINED,,0,,TRUE,0.039999999,TRUE,3,39,78.49125671,88.01716614,92.72408295,,FALSE
62,C14,Sample 1,PDC1,UNKNOWN,SYBR,None,INCONCLUSIVE,UNDETERMINED,,0,,TRUE,0.039999999,TRUE,3,39,78.49125671,,,,FALSE
63,C15,Sample 1,PDC1,UNKNOWN,SYBR,None,INCONCLUSIVE,UNDETERMINED,,0,,TRUE,0.039999999,TRUE,3,39,78.49125671,85.55163574,,,FALSE
64,C16,Sample 1,PDC1,UNKNOWN,SYBR,None,AMP,UNDETERMINED,,0,,TRUE,0.039999999,TRUE,3,33,78.49125671,,,,FALSE
73,D1,Sample 1,PDC1,UNKNOWN,SYBR,None,INCONCLUSIVE,UNDETERMINED,,0,,TRUE,0.039999999,TRUE,3,39,78.72129822,70.87400818,61.56935883,92.39801025,FALSE
74,D2,Sample 1,PDC1,UNKNOWN,SYBR,None,INCONCLUSIVE,UNDETERMINED,,0,,TRUE,0.039999999,TRUE,3,39,78.72129822,73.11608887,70.42559052,,FALSE
75,D3,Sample 1,PDC1,UNKNOWN,SYBR,None,NO_AMP,UNDETERMINED,,0,,TRUE,0.039999999,TRUE,3,39,84.32650757,89.37120056,69.86506653,73.00399017,FALSE
76,D4,Sample 1,PDC1,UNKNOWN,SYBR,None,INCONCLUSIVE,UNDETERMINED,,0,,TRUE,0.039999999,TRUE,3,39,89.37120056,85.33544922,78.94551086,67.73509216,FALSE
77,D5,Sample 1,PDC1,UNKNOWN,SYBR,None,NO_AMP,UNDETERMINED,,0,,TRUE,0.039999999,TRUE,3,39,78.93774414,84.3165741,75.23980713,69.63686371,FALSE
78,D6,Sample 1,PDC1,UNKNOWN,SYBR,None,NO_AMP,UNDETERMINED,,0,,TRUE,0.039999999,TRUE,3,39,78.48950958,85.99745178,89.02304077,81.85127258,FALSE
79,D7,Sample 1,PDC1,UNKNOWN,SYBR,None,NO_AMP,UNDETERMINED,,0,,TRUE,0.039999999,TRUE,3,39,80.61862946,90.14363098,88.12657166,92.49686432,FALSE
80,D8,Sample 1,PDC1,UNKNOWN,SYBR,None,NO_AMP,UNDETERMINED,,0,,TRUE,0.039999999,TRUE,3,39,86.66980743,84.3165741,81.17892456,92.60892487,FALSE
81,D9,Sample 1,PDC1,UNKNOWN,SYBR,None,NO_AMP,UNDETERMINED,,0,,TRUE,0.039999999,TRUE,3,39,85.00548553,78.95041656,88.93006897,70.98912811,FALSE
82,D10,Sample 1,PDC1,UNKNOWN,SYBR,None,NO_AMP,UNDETERMINED,,0,,TRUE,0.039999999,TRUE,3,39,88.48153687,82.98712921,92.29399109,74.6894455,FALSE
83,D11,Sample 1,PDC1,UNKNOWN,SYBR,None,AMP,UNDETERMINED,,0,,TRUE,0.039999999,TRUE,3,39,78.72615814,,,,FALSE
84,D12,Sample 1,PDC1,UNKNOWN,SYBR,None,AMP,UNDETERMINED,,0,,TRUE,0.039999999,TRUE,3,39,78.83828735,86.68744659,90.72415924,,FALSE
17,A17,Sample 1,Target 1,UNKNOWN,SYBR,None,NO_AMP,UNDETERMINED,,0,,TRUE,0.2,TRUE,3,39,70.20071411,75.24517059,64.93205261,82.41950989,FALSE
18,A18,Sample 1,Target 1,UNKNOWN,SYBR,None,NO_AMP,UNDETERMINED,,0,,TRUE,0.2,TRUE,3,39,73.67578125,79.50492859,70.53701019,62.80217361,FALSE
19,A19,Sample 1,Target 1,UNKNOWN,SYBR,None,NO_AMP,UNDETERMINED,,0,,TRUE,0.2,TRUE,3,39,84.77359009,80.62592316,90.82693481,63.026371,FALSE
20,A20,Sample 1,Target 1,UNKNOWN,SYBR,None,NO_AMP,UNDETERMINED,,0,,TRUE,0.2,TRUE,3,39,70.20071411,76.70245361,66.50144196,79.95333099,FALSE
21,A21,Sample 1,Target 1,UNKNOWN,SYBR,None,NO_AMP,UNDETERMINED,,0,,TRUE,0.2,TRUE,3,39,75.02070618,77.37474823,85.55783844,67.17391205,FALSE
22,A22,Sample 1,Target 1,UNKNOWN,SYBR,None,NO_AMP,UNDETERMINED,,0,,TRUE,0.2,TRUE,3,39,92.05947113,62.69002914,72.77877045,89.48123932,FALSE
23,A23,Sample 1,Target 1,UNKNOWN,SYBR,None,NO_AMP,UNDETERMINED,,0,,TRUE,0.2,TRUE,3,39,63.36260986,70.20053101,80.96185303,66.16503906,FALSE
24,A24,Sample 1,Target 1,UNKNOWN,SYBR,None,NO_AMP,UNDETERMINED,,0,,TRUE,0.2,TRUE,3,39,62.80212402,70.53682709,82.64331055,90.71430969,FALSE
41,B17,Sample 1,Target 1,UNKNOWN,SYBR,None,NO_AMP,UNDETERMINED,,0,,TRUE,0.2,TRUE,3,39,66.16514587,78.15974426,92.95681763,68.63132477,FALSE
42,B18,Sample 1,Target 1,UNKNOWN,SYBR,None,NO_AMP,UNDETERMINED,,0,,TRUE,0.2,TRUE,3,39,75.80566406,71.99429321,63.81106567,80.28962708,FALSE
43,B19,Sample 1,Target 1,UNKNOWN,SYBR,None,NO_AMP,UNDETERMINED,,0,,TRUE,0.2,TRUE,3,39,66.16514587,75.02097321,81.29851532,63.026371,FALSE
44,B20,Sample 1,Target 1,UNKNOWN,SYBR,None,NO_AMP,UNDETERMINED,,0,,TRUE,0.2,TRUE,3,39,82.75580597,63.026371,79.61703491,93.18101501,FALSE
45,B21,Sample 1,Target 1,UNKNOWN,SYBR,None,NO_AMP,UNDETERMINED,,0,,TRUE,0.2,TRUE,3,39,82.97960663,91.72317505,88.36026764,64.48358154,FALSE
46,B22,Sample 1,Target 1,UNKNOWN,SYBR,None,NO_AMP,UNDETERMINED,,0,,TRUE,0.2,TRUE,3,39,68.07068634,86.23042297,90.4901123,61.56905746,FALSE
47,B23,Sample 1,Target 1,UNKNOWN,SYBR,None,NO_AMP,UNDETERMINED,,0,,TRUE,0.2,TRUE,3,39,91.49898529,89.36914063,81.85863495,84.212677,FALSE
48,B24,Sample 1,Target 1,UNKNOWN,SYBR,None,NO_AMP,UNDETERMINED,,0,,TRUE,0.2,TRUE,3,39,62.46583557,75.35700226,80.17717743,78.04733276,FALSE
65,C17,Sample 1,Target 1,UNKNOWN,SYBR,None,NO_AMP,UNDETERMINED,,0,,TRUE,0.2,TRUE,3,39,62.46587753,72.89109039,92.50842285,80.96221924,FALSE
66,C18,Sample 1,Target 1,UNKNOWN,SYBR,None,NO_AMP,UNDETERMINED,,0,,TRUE,0.2,TRUE,3,39,70.64910889,62.57797623,66.27724457,91.6116333,FALSE
67,C19,Sample 1,Target 1,UNKNOWN,SYBR,None,NO_AMP,UNDETERMINED,,0,,TRUE,0.2,TRUE,3,39,88.92124939,77.15084839,82.64370728,79.72913361,FALSE
68,C20,Sample 1,Target 1,UNKNOWN,SYBR,None,NO_AMP,UNDETERMINED,,0,,TRUE,0.2,TRUE,3,39,69.52811432,90.49063873,65.38045502,77.59925079,FALSE
69,C21,Sample 1,Target 1,UNKNOWN,SYBR,None,NO_AMP,UNDETERMINED,,0,,TRUE,0.2,TRUE,3,39,90.82640076,81.52233887,86.67881012,77.15055847,FALSE
70,C22,Sample 1,Target 1,UNKNOWN,SYBR,None,NO_AMP,UNDETERMINED,,0,,TRUE,0.2,TRUE,3,39,69.30375671,62.80212402,72.55457306,91.72317505,FALSE
71,C23,Sample 1,Target 1,UNKNOWN,SYBR,None,NO_AMP,UNDETERMINED,,0,,TRUE,0.2,TRUE,3,39,63.0263176,88.80865479,80.96185303,84.77316284,FALSE
72,C24,Sample 1,Target 1,UNKNOWN,SYBR,None,NO_AMP,UNDETERMINED,,0,,TRUE,0.2,TRUE,3,39,92.28366089,89.48123932,84.32476807,69.19165802,FALSE
85,D13,Sample 1,Target 1,UNKNOWN,SYBR,None,NO_AMP,UNDETERMINED,,0,,TRUE,0.2,TRUE,3,39,64.14636993,68.85328674,78.04298401,87.79302979,FALSE
86,D14,Sample 1,Target 1,UNKNOWN,SYBR,None,NO_AMP,UNDETERMINED,,0,,TRUE,0.2,TRUE,3,39,90.14648438,63.02567673,87.23268127,65.60327148,FALSE
87,D15,Sample 1,Target 1,UNKNOWN,SYBR,None,NO_AMP,UNDETERMINED,,0,,TRUE,0.2,TRUE,3,39,91.93959045,89.81027222,66.61190033,73.44813538,FALSE
88,D16,Sample 1,Target 1,UNKNOWN,SYBR,None,NO_AMP,UNDETERMINED,,0,,TRUE,0.2,TRUE,3,39,87.12060547,68.85328674,61.45670319,63.69809341,FALSE
89,D17,Sample 1,Target 1,UNKNOWN,SYBR,None,NO_AMP,UNDETERMINED,,0,,TRUE,0.2,TRUE,3,39,82.75580597,71.32170105,69.07971954,85.44618225,FALSE
90,D18,Sample 1,Target 1,UNKNOWN,SYBR,None,NO_AMP,UNDETERMINED,,0,,TRUE,0.2,TRUE,3,39,74.5725708,81.52272034,63.13847351,69.8644104,FALSE
91,D19,Sample 1,Target 1,UNKNOWN,SYBR,None,NO_AMP,UNDETERMINED,,0,,TRUE,0.2,TRUE,3,39,79.16864014,92.28422546,63.13847351,74.12417603,FALSE
92,D20,Sample 1,Target 1,UNKNOWN,SYBR,None,NO_AMP,UNDETERMINED,,0,,TRUE,0.2,TRUE,3,39,63.92316437,72.55479431,66.72563934,69.64021301,FALSE
93,D21,Sample 1,Target 1,UNKNOWN,SYBR,None,NO_AMP,UNDETERMINED,,0,,TRUE,0.2,TRUE,3,39,87.0151062,68.85536957,76.81426239,90.82640076,FALSE
94,D22,Sample 1,Target 1,UNKNOWN,SYBR,None,NO_AMP,UNDETERMINED,,0,,TRUE,0.2,TRUE,3,39,67.06181335,63.25051498,70.76101685,87.12719727,FALSE
95,D23,Sample 1,Target 1,UNKNOWN,SYBR,None,NO_AMP,UNDETERMINED,,0,,TRUE,0.2,TRUE,3,39,91.94737244,67.06181335,62.91422272,73.1150589,FALSE
96,D24,Sample 1,Target 1,UNKNOWN,SYBR,None,NO_AMP,UNDETERMINED,,0,,TRUE,0.2,TRUE,3,39,91.3868866,79.16830444,66.38923645,62.91422272,FALSE
113,E17,Sample 1,Target 1,UNKNOWN,SYBR,None,NO_AMP,UNDETERMINED,,0,,TRUE,0.2,TRUE,3,39,83.87680054,87.35186768,65.82884979,68.85552216,FALSE
114,E18,Sample 1,Target 1,UNKNOWN,SYBR,None,NO_AMP,UNDETERMINED,,0,,TRUE,0.2,TRUE,3,39,88.47285461,76.25405884,92.50842285,66.72563934,FALSE
115,E19,Sample 1,Target 1,UNKNOWN,SYBR,None,NO_AMP,UNDETERMINED,,0,,TRUE,0.2,TRUE,3,39,71.43379974,79.61703491,87.01557159,83.31629944,FALSE
116,E20,Sample 1,Target 1,UNKNOWN,SYBR,None,NO_AMP,UNDETERMINED,,0,,TRUE,0.2,TRUE,3,39,89.36964417,72.44269562,75.69356537,64.25946045,FALSE
117,E21,Sample 1,Target 1,UNKNOWN,SYBR,None,NO_AMP,UNDETERMINED,,0,,TRUE,0.2,TRUE,3,39,79.39250183,92.73205566,84.10057831,74.79651642,FALSE
118,E22,Sample 1,Target 1,UNKNOWN,SYBR,None,NO_AMP,UNDETERMINED,,0,,TRUE,0.2,TRUE,3,39,83.42799377,75.46910095,86.56671143,93.06834412,FALSE
119,E23,Sample 1,Target 1,UNKNOWN,SYBR,None,NO_AMP,UNDETERMINED,,0,,TRUE,0.2,TRUE,3,39,63.81099701,86.79090881,81.4102478,90.82640076,FALSE
120,E24,Sample 1,Target 1,UNKNOWN,SYBR,None,NO_AMP,UNDETERMINED,,0,,TRUE,0.2,TRUE,3,39,71.54570007,84.54896545,78.27153015,75.58119202,FALSE
137,F17,Sample 1,Target 1,UNKNOWN,SYBR,None,NO_AMP,UNDETERMINED,,0,,TRUE,0.2,TRUE,3,39,81.29851532,77.93554688,68.18292999,64.14736176,FALSE
138,F18,Sample 1,Target 1,UNKNOWN,SYBR,None,NO_AMP,UNDETERMINED,,0,,TRUE,0.2,TRUE,3,39,77.4871521,80.96221924,72.33059692,90.15434265,FALSE
139,F19,Sample 1,Target 1,UNKNOWN,SYBR,None,NO_AMP,UNDETERMINED,,0,,TRUE,0.2,TRUE,3,39,79.61703491,89.59384918,71.65799713,66.61354065,FALSE
140,F20,Sample 1,Target 1,UNKNOWN,SYBR,None,NO_AMP,UNDETERMINED,,0,,TRUE,0.2,TRUE,3,39,63.13847351,80.96221924,92.62052155,71.09750366,FALSE
141,F21,Sample 1,Target 1,UNKNOWN,SYBR,None,NO_AMP,UNDETERMINED,,0,,TRUE,0.2,TRUE,3,39,71.65779877,85.10945129,88.69656372,66.16503906,FALSE
142,F22,Sample 1,Target 1,UNKNOWN,SYBR,None,NO_AMP,UNDETERMINED,,0,,TRUE,0.2,TRUE,3,39,87.7997818,75.58119202,93.2925415,84.77316284,FALSE
143,F23,Sample 1,Target 1,UNKNOWN,SYBR,None,NO_AMP,UNDETERMINED,,0,,TRUE,0.2,TRUE,3,39,87.46348572,64.14729309,93.06834412,78.7199173,FALSE
144,F24,Sample 1,Target 1,UNKNOWN,SYBR,None,NO_AMP,UNDETERMINED,,0,,TRUE,0.2,TRUE,3,39,78.15943146,81.29814911,74.23603058,90.82640076,FALSE
161,G17,Sample 1,Target 1,UNKNOWN,SYBR,None,NO_AMP,UNDETERMINED,,0,,TRUE,0.2,TRUE,3,39,91.0511322,74.23627472,78.38394165,65.15625,FALSE
162,G18,Sample 1,Target 1,UNKNOWN,SYBR,None,NO_AMP,UNDETERMINED,,0,,TRUE,0.2,TRUE,3,39,81.41061401,90.04224396,85.33408356,92.39632416,FALSE
163,G19,Sample 1,Target 1,UNKNOWN,SYBR,None,NO_AMP,UNDETERMINED,,0,,TRUE,0.2,TRUE,3,39,87.80026245,74.23627472,79.16864014,76.926651,FALSE
164,G20,Sample 1,Target 1,UNKNOWN,SYBR,None,NO_AMP,UNDETERMINED,,0,,TRUE,0.2,TRUE,3,39,64.81995392,72.2184906,75.91776276,78.49604034,FALSE
165,G21,Sample 1,Target 1,UNKNOWN,SYBR,None,NO_AMP,UNDETERMINED,,0,,TRUE,0.2,TRUE,3,39,85.22154999,65.38035583,82.64331055,80.17717743,FALSE
166,G22,Sample 1,Target 1,UNKNOWN,SYBR,None,NO_AMP,UNDETERMINED,,0,,TRUE,0.2,TRUE,3,39,87.57558441,75.58119202,84.32476807,81.52233887,FALSE
167,G23,Sample 1,Target 1,UNKNOWN,SYBR,None,NO_AMP,UNDETERMINED,,0,,TRUE,0.2,TRUE,3,39,73.45135498,67.84649658,77.26264954,92.39576721,FALSE
168,G24,Sample 1,Target 1,UNKNOWN,SYBR,None,NO_AMP,UNDETERMINED,,0,,TRUE,0.2,TRUE,3,39,81.07395172,84.77316284,73.67554474,91.05059814,FALSE
181,H13,Sample 1,Target 1,UNKNOWN,SYBR,None,NO_AMP,UNDETERMINED,,0,,TRUE,0.2,TRUE,3,39,65.04292297,84.43093872,86.78440094,80.62058258,FALSE
182,H14,Sample 1,Target 1,UNKNOWN,SYBR,None,NO_AMP,UNDETERMINED,,0,,TRUE,0.2,TRUE,3,39,88.801651,65.60327148,73.22399902,83.75852966,FALSE
183,H15,Sample 1,Target 1,UNKNOWN,SYBR,None,NO_AMP,UNDETERMINED,,0,,TRUE,0.2,TRUE,3,39,65.37913513,77.4826355,71.54295349,83.53438568,FALSE
184,H16,Sample 1,Target 1,UNKNOWN,SYBR,None,NO_AMP,UNDETERMINED,,0,,TRUE,0.2,TRUE,3,39,70.08605194,91.49131775,66.94810486,64.37051392,FALSE
185,H17,Sample 1,Target 1,UNKNOWN,SYBR,None,NO_AMP,UNDETERMINED,,0,,TRUE,0.2,TRUE,3,39,79.8412323,75.58146667,88.697052,70.31281281,FALSE
186,H18,Sample 1,Target 1,UNKNOWN,SYBR,None,NO_AMP,UNDETERMINED,,0,,TRUE,0.2,TRUE,3,39,65.26835632,91.49952698,69.64021301,83.20420074,FALSE
187,H19,Sample 1,Target 1,UNKNOWN,SYBR,None,NO_AMP,UNDETERMINED,,0,,TRUE,0.2,TRUE,3,39,65.04415894,68.29502869,70.20071411,89.03335571,FALSE
188,H20,Sample 1,Target 1,UNKNOWN,SYBR,None,NO_AMP,UNDETERMINED,,0,,TRUE,0.2,TRUE,3,39,73.45158386,76.926651,79.2807312,90.49063873,FALSE
189,H21,Sample 1,Target 1,UNKNOWN,SYBR,None,NO_AMP,UNDETERMINED,,0,,TRUE,0.2,TRUE,3,39,70.20053101,83.87638092,91.16268921,67.73439789,FALSE
190,H22,Sample 1,Target 1,UNKNOWN,SYBR,None,NO_AMP,UNDETERMINED,,0,,TRUE,0.2,TRUE,3,39,64.14729309,68.07068634,93.06834412,84.88525391,FALSE
191,H23,Sample 1,Target 1,UNKNOWN,SYBR,None,NO_AMP,UNDETERMINED,,0,,TRUE,0.2,TRUE,3,39,85.66993713,73.45135498,89.03285217,61.2327652,FALSE
192,H24,Sample 1,Target 1,UNKNOWN,SYBR,None,NO_AMP,UNDETERMINED,,0,,TRUE,0.2,TRUE,3,39,66.16503906,81.29814911,75.46910095,77.93523407,FALSE
209,I17,Sample 1,Target 1,UNKNOWN,SYBR,None,NO_AMP,UNDETERMINED,,0,,TRUE,0.2,TRUE,3,39,88.47285461,82.64370728,67.62243652,77.4871521,FALSE
210,I18,Sample 1,Target 1,UNKNOWN,SYBR,None,NO_AMP,UNDETERMINED,,0,,TRUE,0.2,TRUE,3,39,70.64910889,68.18292999,87.46396637,73.45158386,FALSE
211,I19,Sample 1,Target 1,UNKNOWN,SYBR,None,NO_AMP,UNDETERMINED,,0,,TRUE,0.2,TRUE,3,39,76.59035492,68.51922607,90.82693481,63.026371,FALSE
212,I20,Sample 1,Target 1,UNKNOWN,SYBR,None,NO_AMP,UNDETERMINED,,0,,TRUE,0.2,TRUE,3,39,73.67578125,80.40172577,68.29502869,85.89457703,FALSE
213,I21,Sample 1,Target 1,UNKNOWN,SYBR,None,NO_AMP,UNDETERMINED,,0,,TRUE,0.2,TRUE,3,39,83.31589508,63.25051498,74.12393188,70.3126297,FALSE
214,I22,Sample 1,Target 1,UNKNOWN,SYBR,None,NO_AMP,UNDETERMINED,,0,,TRUE,0.2,TRUE,3,39,74.46022034,66.7255249,91.83528137,77.37474823,FALSE
215,I23,Sample 1,Target 1,UNKNOWN,SYBR,None,NO_AMP,UNDETERMINED,,0,,TRUE,0.2,TRUE,3,39,77.59894562,87.7997818,82.41912079,74.01184082,FALSE
216,I24,Sample 1,Target 1,UNKNOWN,SYBR,None,NO_AMP,UNDETERMINED,,0,,TRUE,0.2,TRUE,3,39,62.46583557,76.81426239,90.93849945,67.06181335,FALSE
233,J17,Sample 1,Target 1,UNKNOWN,SYBR,None,NO_AMP,UNDETERMINED,,0,,TRUE,0.2,TRUE,3,39,80.28962708,69.19181824,87.91236115,66.72563934,FALSE
234,J18,Sample 1,Target 1,UNKNOWN,SYBR,None,NO_AMP,UNDETERMINED,,0,,TRUE,0.2,TRUE,3,39,68.29502869,82.98000336,70.98540497,88.24865723,FALSE
235,J19,Sample 1,Target 1,UNKNOWN,SYBR,None,NO_AMP,UNDETERMINED,,0,,TRUE,0.2,TRUE,3,39,73.33948517,82.41950989,65.7167511,89.2575531,FALSE
236,J20,Sample 1,Target 1,UNKNOWN,SYBR,None,NO_AMP,UNDETERMINED,,0,,TRUE,0.2,TRUE,3,39,92.17212677,72.33059692,68.18292999,77.71134949,FALSE
237,J21,Sample 1,Target 1,UNKNOWN,SYBR,None,NO_AMP,UNDETERMINED,,0,,TRUE,0.2,TRUE,3,39,84.66106415,63.9230957,87.68768311,74.01184082,FALSE
238,J22,Sample 1,Target 1,UNKNOWN,SYBR,None,NO_AMP,UNDETERMINED,,0,,TRUE,0.2,TRUE,3,39,70.64892578,86.23042297,89.59333801,77.48684692,FALSE
239,J23,Sample 1,Target 1,UNKNOWN,SYBR,None,NO_AMP,UNDETERMINED,,0,,TRUE,0.2,TRUE,3,39,77.93523407,84.43686676,81.85863495,73.00296021,FALSE
240,J24,Sample 1,Target 1,UNKNOWN,SYBR,None,NO_AMP,UNDETERMINED,,0,,TRUE,0.2,TRUE,3,39,75.13280487,86.56671143,83.98847961,61.56905746,FALSE
257,K17,Sample 1,Target 1,UNKNOWN,SYBR,None,NO_AMP,UNDETERMINED,,0,,TRUE,0.2,TRUE,3,39,71.09750366,83.42839813,93.18101501,85.78247833,FALSE
258,K18,Sample 1,Target 1,UNKNOWN,SYBR,None,NO_AMP,UNDETERMINED,,0,,TRUE,0.2,TRUE,3,39,75.02097321,63.47476959,71.88219452,68.63132477,FALSE
259,K19,Sample 1,Target 1,UNKNOWN,SYBR,None,NO_AMP,UNDETERMINED,,0,,TRUE,0.2,TRUE,3,39,86.45507813,73.67578125,69.75231934,64.48365784,FALSE
260,K20,Sample 1,Target 1,UNKNOWN,SYBR,None,NO_AMP,UNDETERMINED,,0,,TRUE,0.2,TRUE,3,39,90.26644135,76.47825623,71.88219452,64.25946045,FALSE
261,K21,Sample 1,Target 1,UNKNOWN,SYBR,None,NO_AMP,UNDETERMINED,,0,,TRUE,0.2,TRUE,3,39,74.68441772,90.71430969,79.28040314,65.04406738,FALSE
262,K22,Sample 1,Target 1,UNKNOWN,SYBR,None,NO_AMP,UNDETERMINED,,0,,TRUE,0.2,TRUE,3,39,62.1295433,80.17717743,93.2925415,90.04172516,FALSE
263,K23,Sample 1,Target 1,UNKNOWN,SYBR,None,NO_AMP,UNDETERMINED,,0,,TRUE,0.2,TRUE,3,39,92.61995697,71.43360138,75.46910095,90.04172516,FALSE
264,K24,Sample 1,Target 1,UNKNOWN,SYBR,None,NO_AMP,UNDETERMINED,,0,,TRUE,0.2,TRUE,3,39,61.90534973,75.46910095,92.61995697,69.19165802,FALSE
277,L13,Sample 1,Target 1,UNKNOWN,SYBR,None,NO_AMP,UNDETERMINED,,0,,TRUE,0.2,TRUE,3,39,84.54301453,70.31018829,91.49131775,78.82746887,FALSE
278,L14,Sample 1,Target 1,UNKNOWN,SYBR,None,NO_AMP,UNDETERMINED,,0,,TRUE,0.2,TRUE,3,39,72.77571869,78.60333252,70.19812012,61.79291153,FALSE
279,L15,Sample 1,Target 1,UNKNOWN,SYBR,None,NO_AMP,UNDETERMINED,,0,,TRUE,0.2,TRUE,3,39,91.60338593,77.70677185,85.21542358,74.34469604,FALSE
280,L16,Sample 1,Target 1,UNKNOWN,SYBR,None,NO_AMP,UNDETERMINED,,0,,TRUE,0.2,TRUE,3,39,71.99123383,69.30156708,76.2498703,82.41369629,FALSE
281,L17,Sample 1,Target 1,UNKNOWN,SYBR,None,NO_AMP,UNDETERMINED,,0,,TRUE,0.2,TRUE,3,39,84.66149139,62.12958145,89.14544678,81.18641663,FALSE
282,L18,Sample 1,Target 1,UNKNOWN,SYBR,None,NO_AMP,UNDETERMINED,,0,,TRUE,0.2,TRUE,3,39,88.47285461,68.29502869,64.25946045,92.17212677,FALSE
283,L19,Sample 1,Target 1,UNKNOWN,SYBR,None,NO_AMP,UNDETERMINED,,0,,TRUE,0.2,TRUE,3,39,76.926651,91.49952698,88.36075592,71.54589844,FALSE
284,L20,Sample 1,Target 1,UNKNOWN,SYBR,None,NO_AMP,UNDETERMINED,,0,,TRUE,0.2,TRUE,3,39,91.72372437,74.5725708,68.85552216,63.2505722,FALSE
285,L21,Sample 1,Target 1,UNKNOWN,SYBR,None,NO_AMP,UNDETERMINED,,0,,TRUE,0.2,TRUE,3,39,68.85536957,77.59894562,72.55457306,88.80865479,FALSE
286,L22,Sample 1,Target 1,UNKNOWN,SYBR,None,NO_AMP,UNDETERMINED,,0,,TRUE,0.2,TRUE,3,39,77.37474823,73.8997345,80.51347351,66.05294037,FALSE
287,L23,Sample 1,Target 1,UNKNOWN,SYBR,None,NO_AMP,UNDETERMINED,,0,,TRUE,0.2,TRUE,3,39,84.66106415,77.15055847,72.3303833,90.93849945,FALSE
288,L24,Sample 1,Target 1,UNKNOWN,SYBR,None,NO_AMP,UNDETERMINED,,0,,TRUE,0.2,TRUE,3,39,92.61995697,79.84088898,88.36026764,84.66106415,FALSE
289,M1,Sample 1,Target 1,UNKNOWN,SYBR,None,NO_AMP,UNDETERMINED,,0,,TRUE,0.2,TRUE,3,39,63.5872345,66.38983917,68.85613251,71.21031952,FALSE
290,M2,Sample 1,Target 1,UNKNOWN,SYBR,None,NO_AMP,UNDETERMINED,,0,,TRUE,0.2,TRUE,3,39,84.99913788,71.21031952,81.52391052,68.0714035,FALSE
291,M3,Sample 1,Target 1,UNKNOWN,SYBR,None,NO_AMP,UNDETERMINED,,0,,TRUE,0.2,TRUE,3,39,63.81144333,61.45725632,91.61328125,77.7123642,FALSE
292,M4,Sample 1,Target 1,UNKNOWN,SYBR,None,NO_AMP,UNDETERMINED,,0,,TRUE,0.2,TRUE,3,39,91.27696991,93.29484558,74.7976532,67.84719849,FALSE
293,M5,Sample 1,Target 1,UNKNOWN,SYBR,None,NO_AMP,UNDETERMINED,,0,,TRUE,0.2,TRUE,3,39,66.72333527,64.14598083,85.88539124,80.1703949,FALSE
294,M6,Sample 1,Target 1,UNKNOWN,SYBR,None,NO_AMP,UNDETERMINED,,0,,TRUE,0.2,TRUE,3,39,84.3165741,62.12892151,90.47980499,67.95597839,FALSE
295,M7,Sample 1,Target 1,UNKNOWN,SYBR,None,NO_AMP,UNDETERMINED,,0,,TRUE,0.2,TRUE,3,39,73.89509583,87.23010254,66.94744873,84.54068756,FALSE
296,M8,Sample 1,Target 1,UNKNOWN,SYBR,None,NO_AMP,UNDETERMINED,,0,,TRUE,0.2,TRUE,3,39,89.58333588,84.87686157,77.03274536,80.50656891,FALSE
297,M9,Sample 1,Target 1,UNKNOWN,SYBR,None,NO_AMP,UNDETERMINED,,0,,TRUE,0.2,TRUE,3,39,80.4081192,83.77204895,88.48153687,91.17268372,FALSE
298,M10,Sample 1,Target 1,UNKNOWN,SYBR,None,NO_AMP,UNDETERMINED,,0,,TRUE,0.2,TRUE,3,39,77.49271393,68.18585205,85.34187317,94.08808899,FALSE
299,M11,Sample 1,Target 1,UNKNOWN,SYBR,None,NO_AMP,UNDETERMINED,,0,,TRUE,0.2,TRUE,3,39,90.49989319,78.50189209,73.23174286,87.24810028,FALSE
300,M12,Sample 1,Target 1,UNKNOWN,SYBR,None,NO_AMP,UNDETERMINED,,0,,TRUE,0.2,TRUE,3,39,80.29598999,67.17667389,71.21338654,61.34587097,FALSE
301,M13,Sample 1,Target 1,UNKNOWN,SYBR,None,NO_AMP,UNDETERMINED,,0,,TRUE,0.2,TRUE,3,39,67.9567337,91.49131775,88.801651,73.78434753,FALSE
302,M14,Sample 1,Target 1,UNKNOWN,SYBR,None,NO_AMP,UNDETERMINED,,0,,TRUE,0.2,TRUE,3,39,79.94816589,84.54301453,76.2498703,73.44813538,FALSE
303,M15,Sample 1,Target 1,UNKNOWN,SYBR,None,NO_AMP,UNDETERMINED,,0,,TRUE,0.2,TRUE,3,39,73.22399902,63.69809341,67.73258972,70.31018829,FALSE
304,M16,Sample 1,Target 1,UNKNOWN,SYBR,None,NO_AMP,UNDETERMINED,,0,,TRUE,0.2,TRUE,3,39,63.58602524,80.06023407,66.38775635,82.63783264,FALSE
305,M17,Sample 1,Target 1,UNKNOWN,SYBR,None,NO_AMP,UNDETERMINED,,0,,TRUE,0.2,TRUE,3,39,91.16323853,70.76120758,67.9587326,82.41950989,FALSE
306,M18,Sample 1,Target 1,UNKNOWN,SYBR,None,NO_AMP,UNDETERMINED,,0,,TRUE,0.2,TRUE,3,39,67.9587326,64.14736176,79.8412323,90.93904114,FALSE
307,M19,Sample 1,Target 1,UNKNOWN,SYBR,None,NO_AMP,UNDETERMINED,,0,,TRUE,0.2,TRUE,3,39,79.50492859,82.1953125,73.89997864,67.39823914,FALSE
308,M20,Sample 1,Target 1,UNKNOWN,SYBR,None,NO_AMP,UNDETERMINED,,0,,TRUE,0.2,TRUE,3,39,70.76120758,79.8412323,86.67927551,73.45158386,FALSE
309,M21,Sample 1,Target 1,UNKNOWN,SYBR,None,NO_AMP,UNDETERMINED,,0,,TRUE,0.2,TRUE,3,39,85.44573975,89.25704956,80.51347351,76.47797394,FALSE
310,M22,Sample 1,Target 1,UNKNOWN,SYBR,None,NO_AMP,UNDETERMINED,,0,,TRUE,0.2,TRUE,3,39,90.71430969,88.02397156,65.04406738,73.00296021,FALSE
311,M23,Sample 1,Target 1,UNKNOWN,SYBR,None,NO_AMP,UNDETERMINED,,0,,TRUE,0.2,TRUE,3,39,80.28927612,75.02070618,77.37474823,67.5102005,FALSE
312,M24,Sample 1,Target 1,UNKNOWN,SYBR,None,NO_AMP,UNDETERMINED,,0,,TRUE,0.2,TRUE,3,39,90.4901123,84.10057831,70.64892578,86.79090881,FALSE
313,N1,Sample 1,Target 1,UNKNOWN,SYBR,None,NO_AMP,UNDETERMINED,,0,,TRUE,0.2,TRUE,3,39,79.2818222,68.0714035,75.35817719,82.64495087,FALSE
314,N2,Sample 1,Target 1,UNKNOWN,SYBR,None,NO_AMP,UNDETERMINED,,0,,TRUE,0.2,TRUE,3,39,87.68963623,90.38014221,80.73918152,84.43861389,FALSE
315,N3,Sample 1,Target 1,UNKNOWN,SYBR,None,NO_AMP,UNDETERMINED,,0,,TRUE,0.2,TRUE,3,39,65.82932281,88.02594757,80.40286255,84.77493286,FALSE
316,N4,Sample 1,Target 1,UNKNOWN,SYBR,None,NO_AMP,UNDETERMINED,,0,,TRUE,0.2,TRUE,3,39,72.21926117,93.51905823,66.16563416,81.63600922,FALSE
317,N5,Sample 1,Target 1,UNKNOWN,SYBR,None,NO_AMP,UNDETERMINED,,0,,TRUE,0.2,TRUE,3,39,82.07539368,74.67951202,77.92921448,68.5162735,FALSE
318,N6,Sample 1,Target 1,UNKNOWN,SYBR,None,NO_AMP,UNDETERMINED,,0,,TRUE,0.2,TRUE,3,39,63.02539063,81.73921967,75.8000946,67.95597839,FALSE
319,N7,Sample 1,Target 1,UNKNOWN,SYBR,None,NO_AMP,UNDETERMINED,,0,,TRUE,0.2,TRUE,3,39,93.28128052,84.98892212,88.35069275,82.18745422,FALSE
320,N8,Sample 1,Target 1,UNKNOWN,SYBR,None,NO_AMP,UNDETERMINED,,0,,TRUE,0.2,TRUE,3,39,87.23010254,71.09362793,80.95480347,62.46509933,FALSE
321,N9,Sample 1,Target 1,UNKNOWN,SYBR,None,NO_AMP,UNDETERMINED,,0,,TRUE,0.2,TRUE,3,39,71.10125732,62.35504913,88.25727844,75.36222839,FALSE
322,N10,Sample 1,Target 1,UNKNOWN,SYBR,None,NO_AMP,UNDETERMINED,,0,,TRUE,0.2,TRUE,3,39,79.7353363,70.31634521,64.03701019,67.17667389,FALSE
323,N11,Sample 1,Target 1,UNKNOWN,SYBR,None,NO_AMP,UNDETERMINED,,0,,TRUE,0.2,TRUE,3,39,80.74450684,69.41929626,68.52224731,84.2205658,FALSE
324,N12,Sample 1,Target 1,UNKNOWN,SYBR,None,NO_AMP,UNDETERMINED,,0,,TRUE,0.2,TRUE,3,39,87.13597107,62.1307869,75.13796997,89.82711029,FALSE
325,N13,Sample 1,Target 1,UNKNOWN,SYBR,None,NO_AMP,UNDETERMINED,,0,,TRUE,0.2,TRUE,3,39,68.29293823,65.71534729,70.75846863,82.41369629,FALSE
326,N14,Sample 1,Target 1,UNKNOWN,SYBR,None,NO_AMP,UNDETERMINED,,0,,TRUE,0.2,TRUE,3,39,87.00853729,90.93096924,74.68090057,64.37051392,FALSE
327,N15,Sample 1,Target 1,UNKNOWN,SYBR,None,NO_AMP,UNDETERMINED,,0,,TRUE,0.2,TRUE,3,39,87.45681763,71.31881714,64.9308548,82.18955231,FALSE
328,N16,Sample 1,Target 1,UNKNOWN,SYBR,None,NO_AMP,UNDETERMINED,,0,,TRUE,0.2,TRUE,3,39,62.68946838,88.01716614,72.77571869,67.39638519,FALSE
329,N17,Sample 1,Target 1,UNKNOWN,SYBR,None,NO_AMP,UNDETERMINED,,0,,TRUE,0.2,TRUE,3,39,81.6348114,87.46396637,89.93014526,77.26295471,FALSE
330,N18,Sample 1,Target 1,UNKNOWN,SYBR,None,NO_AMP,UNDETERMINED,,0,,TRUE,0.2,TRUE,3,39,61.34488678,86.79136658,63.81106567,88.58495331,FALSE
331,N19,Sample 1,Target 1,UNKNOWN,SYBR,None,NO_AMP,UNDETERMINED,,0,,TRUE,0.2,TRUE,3,39,87.23976898,63.026371,81.85900879,65.94094849,FALSE
332,N20,Sample 1,Target 1,UNKNOWN,SYBR,None,NO_AMP,UNDETERMINED,,0,,TRUE,0.2,TRUE,3,39,72.10639954,87.57606506,77.26295471,84.5493927,FALSE
333,N21,Sample 1,Target 1,UNKNOWN,SYBR,None,NO_AMP,UNDETERMINED,,0,,TRUE,0.2,TRUE,3,39,90.15382385,65.82875061,79.95298767,68.74327087,FALSE
334,N22,Sample 1,Target 1,UNKNOWN,SYBR,None,NO_AMP,UNDETERMINED,,0,,TRUE,0.2,TRUE,3,39,70.87311554,76.47797394,87.91188049,73.78764343,FALSE
335,N23,Sample 1,Target 1,UNKNOWN,SYBR,None,NO_AMP,UNDETERMINED,,0,,TRUE,0.2,TRUE,3,39,84.88525391,92.05947113,62.1295433,75.9174881,FALSE
336,N24,Sample 1,Target 1,UNKNOWN,SYBR,None,NO_AMP,UNDETERMINED,,0,,TRUE,0.2,TRUE,3,39,67.28601074,71.65779877,84.212677,63.25051498,FALSE
337,O1,Sample 1,Target 1,UNKNOWN,SYBR,None,NO_AMP,UNDETERMINED,,0,,TRUE,0.2,TRUE,3,39,66.95036316,70.2013855,63.92354965,61.68146515,FALSE
338,O2,Sample 1,Target 1,UNKNOWN,SYBR,None,NO_AMP,UNDETERMINED,,0,,TRUE,0.2,TRUE,3,39,91.38907623,66.27774048,70.9861145,74.57344818,FALSE
339,O3,Sample 1,Target 1,UNKNOWN,SYBR,None,NO_AMP,UNDETERMINED,,0,,TRUE,0.2,TRUE,3,39,87.01701355,75.13397217,70.87400818,68.40771484,FALSE
340,O4,Sample 1,Target 1,UNKNOWN,SYBR,None,NO_AMP,UNDETERMINED,,0,,TRUE,0.2,TRUE,3,39,87.24121857,65.49300385,78.16078186,83.76599121,FALSE
341,O5,Sample 1,Target 1,UNKNOWN,SYBR,None,NO_AMP,UNDETERMINED,,0,,TRUE,0.2,TRUE,3,39,74.45539093,91.6003952,78.82568359,84.092453,FALSE
342,O6,Sample 1,Target 1,UNKNOWN,SYBR,None,NO_AMP,UNDETERMINED,,0,,TRUE,0.2,TRUE,3,39,79.83421326,70.08509827,87.79039001,84.65274811,FALSE
343,O7,Sample 1,Target 1,UNKNOWN,SYBR,None,NO_AMP,UNDETERMINED,,0,,TRUE,0.2,TRUE,3,39,73.67098236,79.27392578,76.5845108,83.30804443,FALSE
344,O8,Sample 1,Target 1,UNKNOWN,SYBR,None,NO_AMP,UNDETERMINED,,0,,TRUE,0.2,TRUE,3,39,70.08509827,79.61009979,83.30804443,89.58333588,FALSE
345,O9,Sample 1,Target 1,UNKNOWN,SYBR,None,NO_AMP,UNDETERMINED,,0,,TRUE,0.2,TRUE,3,39,70.65273285,80.52024841,76.81993103,63.81275177,FALSE
346,O10,Sample 1,Target 1,UNKNOWN,SYBR,None,NO_AMP,UNDETERMINED,,0,,TRUE,0.2,TRUE,3,39,70.31634521,66.72814941,92.85464478,73.34387207,FALSE
347,O11,Sample 1,Target 1,UNKNOWN,SYBR,None,NO_AMP,UNDETERMINED,,0,,TRUE,0.2,TRUE,3,39,78.05337524,75.25009918,65.83110809,81.30516815,FALSE
348,O12,Sample 1,Target 1,UNKNOWN,SYBR,None,NO_AMP,UNDETERMINED,,0,,TRUE,0.2,TRUE,3,39,90.94842529,78.61402893,66.72814941,70.20420837,FALSE
349,O13,Sample 1,Target 1,UNKNOWN,SYBR,None,NO_AMP,UNDETERMINED,,0,,TRUE,0.2,TRUE,3,39,71.65502167,90.14648438,65.60327148,86.67233276,FALSE
350,O14,Sample 1,Target 1,UNKNOWN,SYBR,None,NO_AMP,UNDETERMINED,,0,,TRUE,0.2,TRUE,3,39,91.7154541,69.0774231,83.31024933,81.06886292,FALSE
351,O15,Sample 1,Target 1,UNKNOWN,SYBR,None,NO_AMP,UNDETERMINED,,0,,TRUE,0.2,TRUE,3,39,89.24992371,68.96535492,74.34469604,85.10336304,FALSE
352,O16,Sample 1,Target 1,UNKNOWN,SYBR,None,NO_AMP,UNDETERMINED,,0,,TRUE,0.2,TRUE,3,39,84.20680237,91.2671814,87.90509033,73.11192322,FALSE
353,O17,Sample 1,Target 1,UNKNOWN,SYBR,None,NO_AMP,UNDETERMINED,,0,,TRUE,0.2,TRUE,3,39,83.20420074,91.27532959,69.64021301,77.03875732,FALSE
354,O18,Sample 1,Target 1,UNKNOWN,SYBR,None,NO_AMP,UNDETERMINED,,0,,TRUE,0.2,TRUE,3,39,66.50144196,87.01557159,77.26295471,72.89109039,FALSE
355,O19,Sample 1,Target 1,UNKNOWN,SYBR,None,NO_AMP,UNDETERMINED,,0,,TRUE,0.2,TRUE,3,39,87.91236115,91.0511322,67.84663391,75.02097321,FALSE
356,O20,Sample 1,Target 1,UNKNOWN,SYBR,None,NO_AMP,UNDETERMINED,,0,,TRUE,0.2,TRUE,3,39,66.94983673,85.55828094,70.08861542,62.91427231,FALSE
357,O21,Sample 1,Target 1,UNKNOWN,SYBR,None,NO_AMP,UNDETERMINED,,0,,TRUE,0.2,TRUE,3,39,62.69002914,70.3126297,67.06181335,73.1150589,FALSE
358,O22,Sample 1,Target 1,UNKNOWN,SYBR,None,NO_AMP,UNDETERMINED,,0,,TRUE,0.2,TRUE,3,39,64.37148285,90.602211,76.92636108,67.28601074,FALSE
359,O23,Sample 1,Target 1,UNKNOWN,SYBR,None,NO_AMP,UNDETERMINED,,0,,TRUE,0.2,TRUE,3,39,71.99408722,75.69329071,78.27153015,92.05947113,FALSE
360,O24,Sample 1,Target 1,UNKNOWN,SYBR,None,NO_AMP,UNDETERMINED,,0,,TRUE,0.2,TRUE,3,39,87.68768311,75.46910095,69.07955933,91.27479553,FALSE
361,P1,Sample 1,Target 1,UNKNOWN,SYBR,None,NO_AMP,UNDETERMINED,,0,,TRUE,0.2,TRUE,3,39,65.1566925,78.83340454,72.10715485,69.52875519,FALSE
362,P2,Sample 1,Target 1,UNKNOWN,SYBR,None,NO_AMP,UNDETERMINED,,0,,TRUE,0.2,TRUE,3,39,76.70343018,85.55966187,70.31348419,73.90081787,FALSE
363,P3,Sample 1,Target 1,UNKNOWN,SYBR,None,NO_AMP,UNDETERMINED,,0,,TRUE,0.2,TRUE,3,39,85.2233429,91.27696991,81.74811554,87.68963623,FALSE
364,P4,Sample 1,Target 1,UNKNOWN,SYBR,None,NO_AMP,UNDETERMINED,,0,,TRUE,0.2,TRUE,3,39,73.11608887,77.37605286,91.27696991,87.35332489,FALSE
365,P5,Sample 1,Target 1,UNKNOWN,SYBR,None,NO_AMP,UNDETERMINED,,0,,TRUE,0.2,TRUE,3,39,71.54186249,74.90362549,80.05833435,89.47127533,FALSE
366,P6,Sample 1,Target 1,UNKNOWN,SYBR,None,NO_AMP,UNDETERMINED,,0,,TRUE,0.2,TRUE,3,39,91.6003952,87.454216,66.83538818,74.90362549,FALSE
367,P7,Sample 1,Target 1,UNKNOWN,SYBR,None,NO_AMP,UNDETERMINED,,0,,TRUE,0.2,TRUE,3,39,87.56627655,69.97303772,91.6003952,84.87686157,FALSE
368,P8,Sample 1,Target 1,UNKNOWN,SYBR,None,NO_AMP,UNDETERMINED,,0,,TRUE,0.2,TRUE,3,39,92.16069031,81.96333313,78.60157013,87.454216,FALSE
369,P9,Sample 1,Target 1,UNKNOWN,SYBR,None,NO_AMP,UNDETERMINED,,0,,TRUE,0.2,TRUE,3,39,77.04418945,66.39176178,71.10125732,92.06973267,FALSE
370,P10,Sample 1,Target 1,UNKNOWN,SYBR,None,NO_AMP,UNDETERMINED,,0,,TRUE,0.2,TRUE,3,39,76.93206024,91.62120056,81.19303894,65.1583252,FALSE
371,P11,Sample 1,Target 1,UNKNOWN,SYBR,None,NO_AMP,UNDETERMINED,,0,,TRUE,0.2,TRUE,3,39,77.71697998,81.41729736,85.22974396,74.6894455,FALSE
372,P12,Sample 1,Target 1,UNKNOWN,SYBR,None,NO_AMP,UNDETERMINED,,0,,TRUE,0.2,TRUE,3,39,88.36940765,80.4081192,69.97994995,78.05337524,FALSE
373,P13,Sample 1,Target 1,UNKNOWN,SYBR,None,NO_AMP,UNDETERMINED,,0,,TRUE,0.2,TRUE,3,39,65.04292297,81.40506744,91.04304504,70.75846863,FALSE
374,P14,Sample 1,Target 1,UNKNOWN,SYBR,None,NO_AMP,UNDETERMINED,,0,,TRUE,0.2,TRUE,3,39,65.15499878,92.16373444,83.19818115,87.79302979,FALSE
375,P15,Sample 1,Target 1,UNKNOWN,SYBR,None,NO_AMP,UNDETERMINED,,0,,TRUE,0.2,TRUE,3,39,74.34469604,65.26706696,70.53433228,67.9567337,FALSE
376,P16,Sample 1,Target 1,UNKNOWN,SYBR,None,NO_AMP,UNDETERMINED,,0,,TRUE,0.2,TRUE,3,39,84.87921906,88.46543884,72.32743835,69.63777161,FALSE
377,P17,Sample 1,Target 1,UNKNOWN,SYBR,None,NO_AMP,UNDETERMINED,,0,,TRUE,0.2,TRUE,3,39,67.39823914,71.09750366,64.70785522,75.1330719,FALSE
378,P18,Sample 1,Target 1,UNKNOWN,SYBR,None,NO_AMP,UNDETERMINED,,0,,TRUE,0.2,TRUE,3,39,88.13655853,78.49604034,71.09750366,92.84471893,FALSE
379,P19,Sample 1,Target 1,UNKNOWN,SYBR,None,NO_AMP,UNDETERMINED,,0,,TRUE,0.2,TRUE,3,39,65.04415894,80.73802185,84.99778748,77.82344818,FALSE
380,P20,Sample 1,Target 1,UNKNOWN,SYBR,None,NO_AMP,UNDETERMINED,,0,,TRUE,0.2,TRUE,3,39,78.15974426,74.5725708,92.06002808,80.73802185,FALSE
381,P21,Sample 1,Target 1,UNKNOWN,SYBR,None,NO_AMP,UNDETERMINED,,0,,TRUE,0.2,TRUE,3,39,64.93196869,76.92636108,61.56905746,85.44573975,FALSE
382,P22,Sample 1,Target 1,UNKNOWN,SYBR,None,NO_AMP,UNDETERMINED,,0,,TRUE,0.2,TRUE,3,39,86.90299988,84.43686676,81.4102478,65.49245453,FALSE
383,P23,Sample 1,Target 1,UNKNOWN,SYBR,None,NO_AMP,UNDETERMINED,,0,,TRUE,0.2,TRUE,3,39,91.94737244,88.13607025,71.20941162,84.10057831,FALSE
384,P24,Sample 1,Target 1,UNKNOWN,SYBR,None,NO_AMP,UNDETERMINED,,0,,TRUE,0.2,TRUE,3,39,70.08843994,88.47236633,66.8376236,76.02958679,FALSE
